ID,日期,總移動距離,總時間,總爬升高度,總下降高度
shao_8830,2025/06/25 - 2025/07/01・7 日・,88.5 km,63 h 24 m,"6,679 m","7,908 m"
a29751765,2025/07/05・1 日・,11.7 km,5 h 53 m,824 m,824 m
wenkuochung169856886,2025/07/04・1 日・,5.5 km,3 h 13 m,468 m,451 m
jiaruitwee02,2025/07/05・1 日・,7 km,5 h 19 m,535 m,540 m
bill1256341,2022/04/10・1 日・,19 km,11 h 31 m,"1,589 m","1,821 m"
85006,2024/06/23・1 日・,10.5 km,8 h 49 m,442 m,"1,811 m"
may85858585,2025/01/12・1 日・,17.5 km,9 h 33 m,"2,058 m","2,063 m"
yachi1118,2023/04/14・1 日・,12.6 km,12 h 11 m,514 m,"1,898 m"
hueyi.lin,2020/11/15・1 日・,24.2 km,12 h 38 m,"2,470 m","2,540 m"
bryant00814,2023/04/22・1 日・,17.7 km,16 h 2 m,"2,087 m","2,088 m"
ps89517,2023/07/02・1 日・,15.5 km,11 h 43 m,"1,979 m","1,861 m"
chen1987760918,2020/11/15・1 日・,23.1 km,12 h 38 m,"1,846 m","2,152 m"
ritaych,2021/10/10・1 日・,25.4 km,16 h 40 m,"2,544 m","2,533 m"
shian1006,2020/11/29・1 日・,25.9 km,17 h 50 m,"3,642 m","3,596 m"
weichitsao130,2022/07/24・1 日・,18.7 km,11 h 28 m,"1,895 m","1,883 m"
shao_8830,2025/06/25 - 2025/07/01・7 日・,88.5 km,63 h 24 m,"6,679 m","7,908 m"
a29751765,2025/07/05・1 日・,11.7 km,5 h 53 m,824 m,824 m
wenkuochung169856886,2025/07/04・1 日・,5.5 km,3 h 13 m,468 m,451 m
jiaruitwee02,2025/07/05・1 日・,7 km,5 h 19 m,535 m,540 m
f61248,2020/07/11・1 日・,26.4 km,18 h 19 m,"2,898 m","2,902 m"
jl8216133,2023/09/24・1 日・,25.1 km,15 h 35 m,"2,587 m","2,577 m"
z8w9zvkgtr,2025/05/18・1 日・,18.8 km,12 h 59 m,"1,983 m","1,973 m"
coloco2,2024/08/13・1 日・,11.5 km,9 h 32 m,"1,487 m","1,644 m"
tshgogogo,2021/11/15・1 日・,9 km,9 h 24 m,"1,352 m",335 m
awei321,2023/08/13・1 日・,16.3 km,12 h 47 m,"1,715 m","1,723 m"
cythia1030,2022/11/19・1 日・,15.9 km,12 h 33 m,"1,759 m","1,836 m"
locust1986,2019/02/28・1 日・,18.9 km,16 h 36 m,"5,932 m","6,001 m"
wengtukako,2022/03/05・1 日・,13.2 km,10 h 45 m,"1,628 m","1,556 m"
shian1006,2021/08/28・1 日・,18.5 km,10 h 46 m,"2,151 m","2,157 m"
x5826285,2021/02/21・1 日・,9.8 km,10 h 29 m,"1,471 m","1,376 m"
shao_8830,2025/06/25 - 2025/07/01・7 日・,88.5 km,63 h 24 m,"6,679 m","7,908 m"
a29751765,2025/07/05・1 日・,11.7 km,5 h 53 m,824 m,824 m
wenkuochung169856886,2025/07/04・1 日・,5.5 km,3 h 13 m,468 m,451 m
jiaruitwee02,2025/07/05・1 日・,7 km,5 h 19 m,535 m,540 m
vickychen0421,2021/04/10・1 日・,13.1 km,13 h 8 m,"1,575 m","1,513 m"
1allenchen1,2020/11/08・1 日・,11 km,4 h 15 m,744 m,785 m
morris,2020/10/17・1 日・,17.8 km,9 h 38 m,"2,036 m","2,055 m"
zengchin,2025/05/17・1 日・,14 km,8 h 3 m,"1,167 m","1,171 m"
bimeci11,2024/07/11・1 日・,8.9 km,8 h 9 m,"1,497 m",108 m
yuan1215,2023/04/29・1 日・,16.9 km,11 h 7 m,"1,883 m","1,890 m"
a0983145505,2023/06/23・1 日・,20.5 km,10 h 26 m,"2,242 m","2,257 m"
a781336,2022/06/05・1 日・,18.8 km,11 h 58 m,"1,578 m","1,395 m"
asdzxc1208,2022/04/04・1 日・,15.3 km,12 h 6 m,"1,823 m","1,720 m"
crazyboy0926,2021/09/27・1 日・,10.3 km,10 h 59 m,"1,488 m","1,493 m"
s80417,2020/09/12・1 日・,14.4 km,11 h 12 m,"2,009 m",882 m
shao_8830,2025/06/25 - 2025/07/01・7 日・,88.5 km,63 h 24 m,"6,679 m","7,908 m"
a29751765,2025/07/05・1 日・,11.7 km,5 h 53 m,824 m,824 m
wenkuochung169856886,2025/07/04・1 日・,5.5 km,3 h 13 m,468 m,451 m
jiaruitwee02,2025/07/05・1 日・,7 km,5 h 19 m,535 m,540 m
tzucheng.liu,2023/05/27・1 日・,15.2 km,9 h 8 m,"1,466 m","1,674 m"
mtenderness8,2025/06/22・1 日・,23.1 km,11 h 45 m,"1,970 m","1,970 m"
e0922296999,2024/09/11・1 日・,17.2 km,11 h 33 m,"2,057 m","2,048 m"
wkw0427,2023/08/27・1 日・,17.2 km,10 h 27 m,"1,770 m","1,756 m"
hikingrabbit0310,2023/06/10・1 日・,11.9 km,11 h 42 m,"1,534 m","1,530 m"
hueyi.lin,2023/03/04・1 日・,25.2 km,13 h 13 m,"2,246 m","2,389 m"
yachi1118,2023/04/13・1 日・,5.8 km,11 h 23 m,"1,411 m",42 m
7155jenny,2022/07/10・1 日・,18.5 km,16 h 2 m,"1,849 m","1,840 m"
ping92301624689871,2021/09/29・1 日・,13.3 km,10 h 8 m,"1,539 m","1,476 m"
weichitsao130,2021/09/19・1 日・,19.1 km,12 h 59 m,"1,845 m","1,755 m"
kentwu15,2021/04/11・1 日・,19.6 km,15 h 25 m,"2,126 m","2,161 m"
shao_8830,2025/06/25 - 2025/07/01・7 日・,88.5 km,63 h 24 m,"6,679 m","7,908 m"
a29751765,2025/07/05・1 日・,11.7 km,5 h 53 m,824 m,824 m
wenkuochung169856886,2025/07/04・1 日・,5.5 km,3 h 13 m,468 m,451 m
jiaruitwee02,2025/07/05・1 日・,7 km,5 h 19 m,535 m,540 m
huangyoyo10127410,2021/04/24・1 日・,16.2 km,13 h 14 m,"1,752 m","1,832 m"
purchasehuang,2019/12/14・1 日・,11.1 km,10 h 28 m,"1,498 m","1,514 m"
awei321,2022/04/25・1 日・,11.1 km,11 h 50 m,"1,459 m","1,460 m"
8hsq8warvi,2024/05/28・1 日・,20.7 km,20 h 12 m,"2,290 m","2,282 m"
tc21lin,2023/10/15・1 日・,10.6 km,2 h 57 m,614 m,715 m
willis0919,2020/06/18・1 日・,21.7 km,15 h 39 m,"2,356 m","2,680 m"
tw00533118,2022/03/19・1 日・,16.5 km,9 h 35 m,"1,756 m","1,782 m"
steven56525,2024/11/20・1 日・,16.7 km,12 h 40 m,"1,995 m","1,996 m"
a0960013892,2024/07/05・1 日・,9.6 km,9 h 47 m,877 m,770 m
edison740115,2021/10/16・1 日・,10.9 km,9 h 18 m,"1,472 m","1,481 m"
hmgzt698xk,2024/06/08・1 日・,19 km,14 h 52 m,"1,997 m","2,004 m"
shao_8830,2025/06/25 - 2025/07/01・7 日・,88.5 km,63 h 24 m,"6,679 m","7,908 m"
a29751765,2025/07/05・1 日・,11.7 km,5 h 53 m,824 m,824 m
wenkuochung169856886,2025/07/04・1 日・,5.5 km,3 h 13 m,468 m,451 m
jiaruitwee02,2025/07/05・1 日・,7 km,5 h 19 m,535 m,540 m
hugo_hy,2022/10/01・1 日・,11.8 km,8 h 27 m,"1,495 m","1,474 m"
rchenibm1679794655,2023/05/01・1 日・,8.4 km,2 h 21 m,396 m,393 m
linjunyou1008,2022/10/02・1 日・,17.2 km,9 h 58 m,"1,907 m","1,913 m"
thomasc5270,2023/04/08・1 日・,13.1 km,12 h 53 m,"1,556 m","1,551 m"
kuots0109,2022/10/11・1 日・,11.7 km,9 h 33 m,"1,637 m","1,548 m"
jihchun1650271710,2022/08/12・1 日・,11.4 km,10 h 37 m,410 m,"1,791 m"
soigonotsuki,2022/04/06・1 日・,17.3 km,14 h 9 m,"1,941 m","1,883 m"
heidi700,2021/01/31・1 日・,9.5 km,4 h,445 m,470 m
vaspa0216,2020/11/15・1 日・,16.7 km,9 h 50 m,"2,402 m","2,368 m"
evita.huang,2018/09/29・1 日・,9.1 km,11 h 46 m,"1,328 m","1,329 m"
xia0meng,2025/01/04・1 日・,11.6 km,9 h 10 m,"1,488 m","1,522 m"
shao_8830,2025/06/25 - 2025/07/01・7 日・,88.5 km,63 h 24 m,"6,679 m","7,908 m"
a29751765,2025/07/05・1 日・,11.7 km,5 h 53 m,824 m,824 m
wenkuochung169856886,2025/07/04・1 日・,5.5 km,3 h 13 m,468 m,451 m
jiaruitwee02,2025/07/05・1 日・,7 km,5 h 19 m,535 m,540 m
f428560,2021/05/15・1 日・,16.8 km,15 h 23 m,"1,807 m","1,808 m"
e0910520435,2020/12/20・1 日・,11.7 km,9 h 31 m,419 m,"1,798 m"
yxnsfwtvcb1682244809,2025/06/10・1 日・,11.1 km,6 h 56 m,"1,474 m","1,478 m"
bblueleee,2025/05/17・1 日・,12.1 km,7 h 47 m,"1,528 m","1,532 m"
love062321,2022/11/30・1 日・,21 km,14 h 15 m,"2,078 m","2,069 m"
lovelywen2000,2022/08/14・1 日・,10.8 km,10 h 28 m,"1,529 m","1,524 m"
vzgfgmb4y8,2025/03/23・1 日・,18.4 km,14 h 18 m,"1,923 m","1,918 m"
jh5t2n9jr9,2025/03/04・1 日・,15 km,1 h 46 m,335 m,758 m
kaku6174,2024/12/22・1 日・,14.5 km,9 h 47 m,"1,646 m","1,649 m"
melody0120h,2022/06/26・1 日・,12 km,12 h 7 m,"1,526 m","1,535 m"
wlphg0116,2023/06/23・1 日・,16.2 km,12 h 35 m,"2,023 m","1,933 m"
shao_8830,2025/06/25 - 2025/07/01・7 日・,88.5 km,63 h 24 m,"6,679 m","7,908 m"
a29751765,2025/07/05・1 日・,11.7 km,5 h 53 m,824 m,824 m
wenkuochung169856886,2025/07/04・1 日・,5.5 km,3 h 13 m,468 m,451 m
jiaruitwee02,2025/07/05・1 日・,7 km,5 h 19 m,535 m,540 m
pdg6kv49mh,2024/10/11・1 日・,17.6 km,10 h 19 m,"1,892 m","1,985 m"
bimeci11,2024/07/12・1 日・,7.1 km,6 h 42 m,490 m,497 m
c881108252002,2024/07/02・1 日・,15.5 km,10 h 29 m,"2,014 m","1,248 m"
classic-222,2017/09/21・1 日・,7.5 km,10 h 13 m,"1,169 m",634 m
eddielin12345,2024/05/19・1 日・,12.2 km,6 h 22 m,"1,611 m","1,599 m"
rogerkuma0109,2024/05/11・1 日・,9.4 km,6 h 13 m,"1,387 m","1,390 m"
wffer2014,2023/09/24・1 日・,17.6 km,13 h 31 m,"1,996 m","2,012 m"
a19960311,2023/08/27・1 日・,19.6 km,9 h 35 m,"1,189 m","1,335 m"
mtyao105,2023/04/30・1 日・,10 km,3 h 54 m,536 m,532 m
tyu-55235,2022/10/10・1 日・,13.3 km,11 h 51 m,"1,558 m","1,641 m"
youngchichuan,2022/07/26・1 日・,6.6 km,6 h 48 m,476 m,483 m
shao_8830,2025/06/25 - 2025/07/01・7 日・,88.5 km,63 h 24 m,"6,679 m","7,908 m"
a29751765,2025/07/05・1 日・,11.7 km,5 h 53 m,824 m,824 m
wenkuochung169856886,2025/07/04・1 日・,5.5 km,3 h 13 m,468 m,451 m
jiaruitwee02,2025/07/05・1 日・,7 km,5 h 19 m,535 m,540 m
youngchichuan,2022/07/25・1 日・,6.2 km,7 h 5 m,"1,453 m",73 m
simon930333,2022/05/29・1 日・,17.1 km,14 h 42 m,"1,798 m","1,793 m"
w96hgary,2022/05/29・1 日・,15.6 km,10 h 35 m,"1,934 m","1,898 m"
jessica90902,2022/04/09・1 日・,13.6 km,11 h 26 m,"1,840 m","1,618 m"
ademon920,2021/12/26・1 日・,16.1 km,12 h 32 m,"1,854 m","1,759 m"
ying2015524,2020/07/22・1 日・,13.9 km,13 h 46 m,"1,503 m","1,525 m"
linjunyou1008,2021/08/26・1 日・,12 km,10 h 31 m,"1,466 m","1,476 m"
unicorn30916,2021/05/15・1 日・,12 km,11 h 3 m,"1,467 m","1,462 m"
angela0125tw,2020/11/28・1 日・,8.3 km,10 h 31 m,"1,368 m",879 m
crystalisme00,2021/04/10・1 日・,14 km,13 h 22 m,"1,745 m","1,749 m"
5s5375,2020/12/26・1 日・,10.4 km,9 h 21 m,"1,461 m","1,465 m"
shao_8830,2025/06/25 - 2025/07/01・7 日・,88.5 km,63 h 24 m,"6,679 m","7,908 m"
a29751765,2025/07/05・1 日・,11.7 km,5 h 53 m,824 m,824 m
wenkuochung169856886,2025/07/04・1 日・,5.5 km,3 h 13 m,468 m,451 m
jiaruitwee02,2025/07/05・1 日・,7 km,5 h 19 m,535 m,540 m
dana6823,2020/05/10・1 日・,14 km,11 h 51 m,"1,569 m","1,565 m"
koklim88,2020/05/04・1 日・,7.5 km,5 h 54 m,"1,500 m",128 m
don5427,2019/01/14・1 日・,8.8 km,2 h 39 m,"1,721 m","1,712 m"
shuchen.chiu69,2019/01/14・1 日・,8.8 km,2 h 39 m,"1,721 m","1,712 m"
wallase0722,2018/12/03・1 日・,14.2 km,9 h 22 m,"5,009 m","4,997 m"
wangsophia0730,2025/07/05・1 日・,11.7 km,6 h 15 m,456 m,474 m
r59fk4kfbq,2025/06/29・1 日・,17.9 km,10 h 38 m,"1,902 m","1,908 m"
Ericlou21,2025/06/15・1 日・,17.2 km,13 h 54 m,"1,890 m","1,886 m"
littleo123,2024/12/22・1 日・,12.9 km,8 h 23 m,"1,549 m","1,565 m"
skullofsilver,2023/07/09・1 日・,18.3 km,11 h 5 m,"1,940 m","1,909 m"
winstonbmw,2023/11/17・1 日・,20 km,15 h 4 m,"2,261 m","2,269 m"
shao_8830,2025/06/25 - 2025/07/01・7 日・,88.5 km,63 h 24 m,"6,679 m","7,908 m"
a29751765,2025/07/05・1 日・,11.7 km,5 h 53 m,824 m,824 m
wenkuochung169856886,2025/07/04・1 日・,5.5 km,3 h 13 m,468 m,451 m
jiaruitwee02,2025/07/05・1 日・,7 km,5 h 19 m,535 m,540 m
m6ksjsngpd,2023/11/12・1 日・,21.2 km,13 h 30 m,"2,217 m","2,216 m"
uelom741,2023/09/16・1 日・,17.7 km,13 h 43 m,"2,041 m","2,037 m"
tribal747,2022/04/12・1 日・,11 km,7 h 46 m,"1,465 m","1,449 m"
tonekao1654785306,2022/07/22・1 日・,10 km,8 h 50 m,"1,352 m","1,349 m"
sandy781227,2022/01/16・1 日・,8.6 km,2 h 44 m,407 m,408 m
july8202161605842357,2021/03/30・1 日・,10.8 km,10 h 8 m,"1,474 m","1,462 m"
vit99986,2020/04/26・1 日・,10.8 km,11 h 22 m,"1,592 m","1,573 m"
xiixjmzcpb,2020/07/31・1 日・,10.3 km,9 h 35 m,"1,468 m","1,407 m"
purchasehuang,2020/04/18・1 日・,15.2 km,13 h 19 m,"1,578 m","1,576 m"
lin_chan_yi,2020/10/02・1 日・,27.3 km,18 h 24 m,"2,815 m","2,822 m"
lee_0915,2020/04/26・1 日・,9.8 km,9 h 33 m,"1,022 m","1,593 m"
shao_8830,2025/06/25 - 2025/07/01・7 日・,88.5 km,63 h 24 m,"6,679 m","7,908 m"
a29751765,2025/07/05・1 日・,11.7 km,5 h 53 m,824 m,824 m
wenkuochung169856886,2025/07/04・1 日・,5.5 km,3 h 13 m,468 m,451 m
jiaruitwee02,2025/07/05・1 日・,7 km,5 h 19 m,535 m,540 m
vickychen0421,2022/12/24・1 日・,13.8 km,9 h 56 m,"1,583 m","1,586 m"
janicefeng53,2023/09/13・1 日・,8.9 km,3 h 48 m,434 m,497 m
yihlehhuang166488887,2022/12/19・1 日・,9.7 km,12 h 9 m,"1,543 m","1,472 m"
fodotsau716026,2025/05/31・1 日・,12.5 km,8 h 18 m,"1,520 m","1,428 m"
rogerkuma0109,2025/06/08・1 日・,10 km,8 h 56 m,"1,417 m","1,418 m"
ym5ihfc7fe,2025/06/08・1 日・,16.2 km,14 h 53 m,"2,007 m","1,940 m"
vectraman,2022/10/28・1 日・,17.1 km,13 h 44 m,"1,907 m","2,020 m"
euebx6492,2024/10/10・1 日・,21.6 km,14 h 8 m,"2,308 m","2,342 m"
hogg1112,2024/06/16・1 日・,11.7 km,9 h 17 m,"1,650 m","1,174 m"
a0960013892,2024/07/06・1 日・,11 km,3 h 41 m,66 m,"1,657 m"
y146328,2025/04/04・1 日・,6.5 km,6 h 14 m,"1,204 m",219 m
shao_8830,2025/06/25 - 2025/07/01・7 日・,88.5 km,63 h 24 m,"6,679 m","7,908 m"
a29751765,2025/07/05・1 日・,11.7 km,5 h 53 m,824 m,824 m
wenkuochung169856886,2025/07/04・1 日・,5.5 km,3 h 13 m,468 m,451 m
jiaruitwee02,2025/07/05・1 日・,7 km,5 h 19 m,535 m,540 m
gfcstg9ccb,2025/03/23・1 日・,16 km,10 h 53 m,"2,136 m","1,883 m"
asdfg79979,2023/08/26・1 日・,19.9 km,14 h 43 m,"2,090 m","2,087 m"
joe_12328,2023/09/17・1 日・,12.9 km,7 h 19 m,"1,375 m","1,537 m"
arctax,2022/04/05・1 日・,9.9 km,7 h 20 m,"1,331 m","1,376 m"
102401051,2025/01/26・1 日・,13.7 km,12 h 55 m,"1,660 m","1,663 m"
lwindg,2021/08/14・1 日・,6.1 km,1 h 31 m,179 m,381 m
happy06260521,2024/12/11・1 日・,9 km,2 h 54 m,487 m,515 m
73x6hnfs93,2022/12/16・1 日・,8.2 km,2 h 51 m,353 m,413 m
xjp6njsp6h,2024/10/20・1 日・,7.4 km,6 h 28 m,"1,531 m",155 m
qy5vfncqtm,2022/08/06・1 日・,9.4 km,6 h 13 m,"1,328 m","1,335 m"
fhes9551201,2024/10/13・1 日・,12.4 km,9 h 19 m,"1,488 m","1,497 m"
shao_8830,2025/06/25 - 2025/07/01・7 日・,88.5 km,63 h 24 m,"6,679 m","7,908 m"
a29751765,2025/07/05・1 日・,11.7 km,5 h 53 m,824 m,824 m
wenkuochung169856886,2025/07/04・1 日・,5.5 km,3 h 13 m,468 m,451 m
jiaruitwee02,2025/07/05・1 日・,7 km,5 h 19 m,535 m,540 m
marsalistw1678807749,2023/06/18・1 日・,16 km,12 h 7 m,"1,860 m","1,835 m"
voila1969,2023/05/09・1 日・,17.1 km,13 h 35 m,"1,875 m","1,895 m"
mason_molly,2024/07/01・1 日・,11.1 km,9 h 2 m,"1,518 m","1,419 m"
melody0120h,2024/07/20・1 日・,26.5 km,12 h 30 m,"2,225 m","2,177 m"
stevenwei326,2022/06/18・1 日・,16.6 km,11 h 6 m,"1,796 m","1,704 m"
fychou420,2023/07/15・1 日・,10.8 km,8 h 20 m,"1,453 m","1,440 m"
ps89517,2024/03/17・1 日・,7.1 km,3 h,387 m,425 m
ywchen1650294578,2024/05/24・1 日・,8.4 km,2 h 13 m,397 m,389 m
tony40904,2024/05/05・1 日・,11.3 km,9 h 34 m,"1,507 m","1,507 m"
rogerkuma0109,2024/01/20・1 日・,9.9 km,9 h 6 m,"1,484 m","1,474 m"
maying,2023/11/17・1 日・,6.6 km,9 h 14 m,"1,473 m",94 m
shao_8830,2025/06/25 - 2025/07/01・7 日・,88.5 km,63 h 24 m,"6,679 m","7,908 m"
a29751765,2025/07/05・1 日・,11.7 km,5 h 53 m,824 m,824 m
wenkuochung169856886,2025/07/04・1 日・,5.5 km,3 h 13 m,468 m,451 m
jiaruitwee02,2025/07/05・1 日・,7 km,5 h 19 m,535 m,540 m
xydgmd2qgp,2022/06/04・1 日・,16.7 km,14 h 49 m,"1,870 m","1,874 m"
wp7cgff9tm,2023/10/12・1 日・,10.8 km,8 h 33 m,679 m,"2,098 m"
kellytheblessed16752,2023/09/23・1 日・,9.6 km,10 h 45 m,"1,672 m","1,658 m"
raidant1205,2023/09/16・1 日・,12.1 km,9 h 47 m,886 m,939 m
perrydreamsbig1231,2023/06/24・1 日・,16.6 km,13 h 2 m,"1,919 m","1,946 m"
john590331,2023/01/14・1 日・,13.6 km,9 h 56 m,"1,525 m","1,706 m"
otoroz5152,2023/05/27・1 日・,14.5 km,10 h 7 m,"6,554 m","7,092 m"
gjemma12,2022/11/12・1 日・,8.2 km,3 h 4 m,489 m,492 m
gjemma12,2023/04/23・1 日・,11.6 km,9 h 50 m,"1,479 m","1,478 m"
h3192969,2023/04/02・1 日・,17.5 km,16 h 15 m,"2,059 m","2,048 m"
jason90126,2021/09/04・1 日・,9.2 km,8 h 7 m,"1,579 m",875 m
shao_8830,2025/06/25 - 2025/07/01・7 日・,88.5 km,63 h 24 m,"6,679 m","7,908 m"
a29751765,2025/07/05・1 日・,11.7 km,5 h 53 m,824 m,824 m
wenkuochung169856886,2025/07/04・1 日・,5.5 km,3 h 13 m,468 m,451 m
jiaruitwee02,2025/07/05・1 日・,7 km,5 h 19 m,535 m,540 m
holland09177,2021/08/26・1 日・,10.8 km,10 h 41 m,"1,420 m","1,377 m"
490211,2020/06/06・1 日・,10.6 km,9 h 46 m,"1,502 m","1,424 m"
f61248,2022/08/28・1 日・,13.6 km,8 h 52 m,"1,550 m","1,505 m"
tiger141528,2022/10/26・1 日・,18.1 km,11 h 39 m,"1,973 m","1,954 m"
tu9712282008,2022/08/27・1 日・,11.9 km,8 h 39 m,"1,479 m","1,480 m"
huihsia55888,2022/07/18・1 日・,7.7 km,4 h 19 m,480 m,469 m
vivienwang1123,2022/07/14・1 日・,14.6 km,9 h 39 m,"1,482 m","1,478 m"
whisly39,2022/06/25・1 日・,10.9 km,10 h 4 m,"1,473 m","1,427 m"
vickychen0421,2022/06/19・1 日・,15.5 km,10 h 36 m,"1,810 m","1,727 m"
tenergyg,2022/05/01・1 日・,11.2 km,9 h 23 m,"1,452 m","1,473 m"
sky760721,2022/04/24・1 日・,8.6 km,3 h 15 m,402 m,401 m
shao_8830,2025/06/25 - 2025/07/01・7 日・,88.5 km,63 h 24 m,"6,679 m","7,908 m"
a29751765,2025/07/05・1 日・,11.7 km,5 h 53 m,824 m,824 m
wenkuochung169856886,2025/07/04・1 日・,5.5 km,3 h 13 m,468 m,451 m
jiaruitwee02,2025/07/05・1 日・,7 km,5 h 19 m,535 m,540 m
drd68hw8n9,2022/01/02・1 日・,5.2 km,5 h 4 m,"1,427 m",15 m
chen1987760918,2021/10/09・1 日・,13.5 km,11 h 10 m,"1,499 m","1,589 m"
a_sun,2021/08/27・1 日・,6.9 km,1 h 41 m,386 m,375 m
m0926218612,2021/04/02・1 日・,16.7 km,13 h 27 m,"1,760 m","1,735 m"
michi_yu,2021/03/30・1 日・,10.8 km,10 h 8 m,"1,446 m","1,435 m"
c3076597,2021/04/30・1 日・,14.6 km,10 h 46 m,"1,807 m",946 m
bjy79,2021/03/27・1 日・,10 km,6 h 21 m,"1,240 m","1,389 m"
chinhuitw,2021/03/14・1 日・,8.3 km,2 h 44 m,352 m,361 m
Justin,2020/12/26・1 日・,16 km,12 h 39 m,"1,820 m","1,812 m"
josephsmchang,2021/01/11・1 日・,8.6 km,3 h 24 m,385 m,379 m
t7752577525,2020/12/26・1 日・,10.4 km,9 h 37 m,"1,437 m","1,432 m"
shao_8830,2025/06/25 - 2025/07/01・7 日・,88.5 km,63 h 24 m,"6,679 m","7,908 m"
a29751765,2025/07/05・1 日・,11.7 km,5 h 53 m,824 m,824 m
wenkuochung169856886,2025/07/04・1 日・,5.5 km,3 h 13 m,468 m,451 m
jiaruitwee02,2025/07/05・1 日・,7 km,5 h 19 m,535 m,540 m
YU-Ling-Lin,2020/12/12・1 日・,11.6 km,12 h 39 m,"1,495 m","1,502 m"
s5wdmkd5tc,2020/08/24・1 日・,10 km,11 h 18 m,"1,445 m","1,365 m"
fish.albertwu,2020/10/28・1 日・,15.9 km,11 h 14 m,"1,973 m","1,975 m"
applestudent66116020,2020/10/24・1 日・,5.6 km,6 h 39 m,"1,462 m",62 m
mildli0853,2020/10/10・1 日・,14.6 km,11 h 9 m,"1,813 m","1,856 m"
a88096778,2020/09/19・1 日・,6 km,8 h 44 m,"1,527 m",156 m
sh8309,2020/09/01・1 日・,4.9 km,6 h 3 m,"1,183 m",44 m
shunkue.chang,2020/08/24・1 日・,9.3 km,10 h 44 m,"1,323 m","1,365 m"
embezzle950422,2020/08/02・1 日・,13.4 km,10 h 26 m,"1,672 m","1,603 m"
emmahari,2020/07/22・1 日・,21.4 km,12 h 56 m,"2,099 m","2,113 m"
kangela,2019/02/28・1 日・,34.3 km,6 h 3 m,"1,366 m",49 m
shao_8830,2025/06/25 - 2025/07/01・7 日・,88.5 km,63 h 24 m,"6,679 m","7,908 m"
a29751765,2025/07/05・1 日・,11.7 km,5 h 53 m,824 m,824 m
wenkuochung169856886,2025/07/04・1 日・,5.5 km,3 h 13 m,468 m,451 m
jiaruitwee02,2025/07/05・1 日・,7 km,5 h 19 m,535 m,540 m
wenbin.jung,2019/08/20・1 日・,9.5 km,2 h 44 m,511 m,488 m
jerry841111,2017/12/16・1 日・,8 km,8 h 21 m,"1,309 m","1,065 m"
t16345,2021/03/23・1 日・,12.2 km,7 h 33 m,434 m,"1,835 m"
weichitsao130,2025/06/07・1 日・,26.4 km,11 h 49 m,"2,766 m","2,761 m"
pao90440,2024/10/28・1 日・,12 km,7 h 20 m,"1,665 m","1,647 m"
mtyao105,2023/10/15・1 日・,12.9 km,10 h 3 m,"1,490 m","1,498 m"
ctb1677,2022/10/02・1 日・,26.3 km,14 h 43 m,"2,522 m","2,525 m"
chungyenwu1733158257,2024/12/07・1 日・,17 km,11 h 34 m,"2,336 m","1,993 m"
w292854531663467202,2024/09/15・1 日・,21.5 km,16 h 39 m,"2,344 m","2,342 m"
6-hxn-2-g-5-ppb,2023/04/16・1 日・,25.8 km,9 h 55 m,"2,870 m","2,876 m"
cythia1030,2020/08/17・1 日・,8.4 km,2 h 49 m,486 m,529 m
shao_8830,2025/06/25 - 2025/07/01・7 日・,88.5 km,63 h 24 m,"6,679 m","7,908 m"
a29751765,2025/07/05・1 日・,11.7 km,5 h 53 m,824 m,824 m
wenkuochung169856886,2025/07/04・1 日・,5.5 km,3 h 13 m,468 m,451 m
jiaruitwee02,2025/07/05・1 日・,7 km,5 h 19 m,535 m,540 m
maiy3450,2023/04/02・1 日・,21.1 km,14 h 26 m,"2,196 m","2,125 m"
licca1672462158,2023/05/29・1 日・,6.7 km,8 h 17 m,703 m,239 m
darkblue_remote,2022/08/27・1 日・,12.9 km,4 h 36 m,"1,554 m","1,410 m"
chinovete,2022/08/21・1 日・,14.7 km,12 h 8 m,"1,777 m","1,591 m"
hsurui141,2022/07/16・1 日・,12.4 km,15 h 4 m,"1,395 m","1,601 m"
f61248,2021/12/24・1 日・,22.1 km,8 h 39 m,"2,354 m","2,054 m"
v8312002,2021/11/26・1 日・,19.1 km,10 h 12 m,"1,890 m","1,892 m"
vectraman,2021/09/19・1 日・,24.3 km,15 h 6 m,"2,253 m","2,231 m"
meng9971,2020/10/24・1 日・,19 km,13 h 26 m,920 m,575 m
dls1016,2025/06/23・1 日・,11.2 km,9 h 11 m,"1,506 m","1,501 m"
dls1016,2024/06/21・1 日・,38.1 km,4 h 32 m,"1,137 m","1,056 m"
shao_8830,2025/06/25 - 2025/07/01・7 日・,88.5 km,63 h 24 m,"6,679 m","7,908 m"
a29751765,2025/07/05・1 日・,11.7 km,5 h 53 m,824 m,824 m
wenkuochung169856886,2025/07/04・1 日・,5.5 km,3 h 13 m,468 m,451 m
jiaruitwee02,2025/07/05・1 日・,7 km,5 h 19 m,535 m,540 m
rogerkuma0109,2025/06/15・1 日・,9.7 km,8 h 34 m,"1,419 m","1,414 m"
ym5ihfc7fe,2023/05/01・1 日・,12.9 km,9 h 24 m,"1,548 m","1,541 m"
w292854531663467202,2025/06/01・1 日・,18.3 km,12 h 14 m,"2,027 m","2,034 m"
a0936165541,2025/05/14・1 日・,16 km,10 h 35 m,"1,706 m","1,729 m"
neogeo1010,2024/12/08・1 日・,12.5 km,9 h 46 m,"1,532 m","1,512 m"
joy103,2025/04/12・1 日・,8.1 km,1 h 56 m,393 m,389 m
ckjacktang,2024/12/30・1 日・,17.5 km,12 h 28 m,"1,988 m","1,986 m"
r05521526,2022/06/10・1 日・,15 km,14 h 9 m,"1,648 m","1,633 m"
fydvzyvxv6,2021/11/07・1 日・,14.2 km,13 h 43 m,"1,882 m","1,845 m"
rogerkuma0109,2025/01/05・1 日・,11.2 km,7 h 28 m,"1,424 m","1,465 m"
tl720205,2023/09/18・1 日・,11.4 km,11 h 19 m,"1,473 m","1,476 m"
shao_8830,2025/06/25 - 2025/07/01・7 日・,88.5 km,63 h 24 m,"6,679 m","7,908 m"
a29751765,2025/07/05・1 日・,11.7 km,5 h 53 m,824 m,824 m
wenkuochung169856886,2025/07/04・1 日・,5.5 km,3 h 13 m,468 m,451 m
jiaruitwee02,2025/07/05・1 日・,7 km,5 h 19 m,535 m,540 m
asd0923209698,2024/12/16・1 日・,9.9 km,12 h 4 m,"1,451 m","1,447 m"
cooty,2020/11/28・1 日・,19.6 km,13 h 12 m,"2,424 m","2,433 m"
charelschang0517,2024/12/06・1 日・,11.8 km,9 h 53 m,"1,490 m","1,492 m"
mecmar71901,2023/08/12・1 日・,12 km,12 h 14 m,"1,658 m","1,654 m"
torey69,2024/05/19・1 日・,8 km,5 h 53 m,"1,514 m",854 m
hknmtt1103,2024/11/23・1 日・,12.5 km,8 h 49 m,"1,476 m","1,486 m"
od4458,2023/07/10・1 日・,27.5 km,12 h 6 m,"1,887 m","2,049 m"
xjp6njsp6h,2024/10/21・1 日・,11.4 km,7 h 33 m,542 m,"1,957 m"
mx969637,2023/12/16・1 日・,6.5 km,3 h 34 m,387 m,238 m
kqmf74vrz9,2023/06/23・1 日・,7.6 km,8 h 4 m,"1,006 m","1,462 m"
cdg0822,2024/09/21・1 日・,8.9 km,2 h 48 m,431 m,441 m
shao_8830,2025/06/25 - 2025/07/01・7 日・,88.5 km,63 h 24 m,"6,679 m","7,908 m"
a29751765,2025/07/05・1 日・,11.7 km,5 h 53 m,824 m,824 m
wenkuochung169856886,2025/07/04・1 日・,5.5 km,3 h 13 m,468 m,451 m
jiaruitwee02,2025/07/05・1 日・,7 km,5 h 19 m,535 m,540 m
8gwpw78pgh,2022/07/24・1 日・,9.8 km,8 h 8 m,"1,419 m","1,424 m"
rogerkuma0109,2024/07/06・1 日・,15.4 km,8 h 53 m,"1,899 m","1,919 m"
asdzxc790818,2023/10/13・1 日・,14.5 km,12 h 55 m,"1,710 m","1,679 m"
a0930098979,2023/09/24・1 日・,18.5 km,14 h 11 m,"1,954 m","1,958 m"
a0935613776,2024/02/23・1 日・,11.2 km,10 h 37 m,"1,512 m","1,507 m"
wenchi19770105,2024/02/04・1 日・,26.6 km,11 h 12 m,"1,344 m","1,332 m"
z22039017,2023/08/26・1 日・,17.2 km,13 h 49 m,"1,859 m","1,858 m"
hook064049,2022/06/05・1 日・,8.5 km,7 h,517 m,512 m
irisiva1225,2024/02/02・1 日・,11.4 km,12 h 56 m,"1,515 m","1,513 m"
p20310110,2024/07/13・1 日・,11.4 km,8 h 37 m,"1,489 m","1,468 m"
siman5458,2024/06/17・1 日・,8.4 km,3 h 4 m,374 m,361 m
shao_8830,2025/06/25 - 2025/07/01・7 日・,88.5 km,63 h 24 m,"6,679 m","7,908 m"
a29751765,2025/07/05・1 日・,11.7 km,5 h 53 m,824 m,824 m
wenkuochung169856886,2025/07/04・1 日・,5.5 km,3 h 13 m,468 m,451 m
jiaruitwee02,2025/07/05・1 日・,7 km,5 h 19 m,535 m,540 m
nml4564,2024/03/03・1 日・,10.5 km,10 h 29 m,"1,430 m","1,507 m"
arisa527757,2024/05/18・1 日・,8.6 km,1 h 47 m,421 m,417 m
pion1602,2022/11/17・1 日・,3.1 km,5 h 37 m,317 m,218 m
m87pcjmzdg,2023/11/22・1 日・,17 km,10 h 1 m,"1,720 m","1,713 m"
lovelywen2000,2024/04/04・1 日・,8.6 km,2 h 27 m,397 m,400 m
vaspa0216,2022/06/20・1 日・,17.2 km,14 h 35 m,"1,828 m","1,828 m"
tke01,2023/09/10・1 日・,22.9 km,14 h 2 m,"1,754 m","1,774 m"
wangsophia0730,2023/07/07・1 日・,7.7 km,5 h 14 m,618 m,644 m
a0936165541,2023/06/08・1 日・,11.4 km,9 h 24 m,"1,396 m","1,481 m"
harry1d0201,2023/11/18・1 日・,4.3 km,1 h 51 m,374 m,29 m
thomasc5270,2023/12/03・1 日・,5.2 km,3 h 49 m,310 m,285 m
shao_8830,2025/06/25 - 2025/07/01・7 日・,88.5 km,63 h 24 m,"6,679 m","7,908 m"
a29751765,2025/07/05・1 日・,11.7 km,5 h 53 m,824 m,824 m
wenkuochung169856886,2025/07/04・1 日・,5.5 km,3 h 13 m,468 m,451 m
jiaruitwee02,2025/07/05・1 日・,7 km,5 h 19 m,535 m,540 m
whs5k6mqjq,2022/07/24・1 日・,9.5 km,9 h 58 m,"1,658 m","1,684 m"
f61248,2023/11/04・1 日・,18.2 km,13 h 29 m,"1,954 m","1,946 m"
a0923334611,2023/11/18・1 日・,3 km,2 h 43 m,168 m,311 m
clairegrey1690425603,2023/11/13・1 日・,1.4 km,43 m,31 m,83 m
cksqpnd2ms,2023/11/03・1 日・,11.5 km,5 h 53 m,906 m,908 m
im-alenrod,2023/11/01・1 日・,11.9 km,8 h 53 m,"1,493 m","1,484 m"
abc1991116,2023/10/15・1 日・,10.4 km,9 h 26 m,"1,463 m","1,343 m"
7mr39fk97m,2023/09/17・1 日・,10.5 km,7 h 33 m,"1,511 m","1,525 m"
as940612,2023/07/23・1 日・,13.1 km,7 h 53 m,"1,441 m","1,378 m"
ct7k7z9grd,2023/04/30・1 日・,19.1 km,15 h 23 m,"2,082 m","2,116 m"
tsaiyuhsin1202,2023/06/22・1 日・,11.7 km,10 h 21 m,"1,541 m","1,553 m"
shao_8830,2025/06/25 - 2025/07/01・7 日・,88.5 km,63 h 24 m,"6,679 m","7,908 m"
a29751765,2025/07/05・1 日・,11.7 km,5 h 53 m,824 m,824 m
wenkuochung169856886,2025/07/04・1 日・,5.5 km,3 h 13 m,468 m,451 m
jiaruitwee02,2025/07/05・1 日・,7 km,5 h 19 m,535 m,540 m
yuanshgp,2023/06/11・1 日・,12.8 km,8 h 50 m,"1,510 m","1,524 m"
jack7837228,2023/06/03・1 日・,16.4 km,10 h 33 m,"1,849 m","1,858 m"
yam30488,2023/05/28・1 日・,20.8 km,16 h 42 m,"2,155 m","2,155 m"
s5rnhhrwn8,2023/05/21・1 日・,11.9 km,10 h 5 m,"1,433 m","1,467 m"
a0920072809,2023/05/15・1 日・,14.9 km,11 h 43 m,"1,742 m","1,742 m"
iago601020,2023/04/30・1 日・,12.8 km,8 h 56 m,715 m,"1,863 m"
jim77525,2023/04/09・1 日・,10.3 km,8 h 31 m,"1,501 m","1,567 m"
kan.ethan1655469842,2023/03/23・1 日・,12.7 km,11 h 59 m,"1,730 m","1,730 m"
senokot764649,2023/03/22・1 日・,5.3 km,7 h 19 m,"1,590 m",236 m
kh05318,2018/09/08・1 日・,3.4 km,5 h 1 m,0 m,0 m
leo199432,2022/03/12・1 日・,10.1 km,10 h 48 m,"1,460 m","1,458 m"
shao_8830,2025/06/25 - 2025/07/01・7 日・,88.5 km,63 h 24 m,"6,679 m","7,908 m"
a29751765,2025/07/05・1 日・,11.7 km,5 h 53 m,824 m,824 m
wenkuochung169856886,2025/07/04・1 日・,5.5 km,3 h 13 m,468 m,451 m
jiaruitwee02,2025/07/05・1 日・,7 km,5 h 19 m,535 m,540 m
artemisl1664083647,2022/12/10・1 日・,23.3 km,16 h 16 m,"2,576 m","2,247 m"
ken911921,2022/12/20・1 日・,11.2 km,7 h 4 m,"1,454 m","1,370 m"
kuots0109,2022/10/10・1 日・,7.8 km,1 h 48 m,442 m,499 m
grace.7276,2022/09/25・1 日・,11.4 km,8 h 40 m,"1,484 m","1,482 m"
5ew20001,2022/10/10・1 日・,10.1 km,9 h 21 m,"1,521 m","1,473 m"
j856595,2022/04/04・1 日・,10.5 km,8 h 17 m,"1,447 m","1,458 m"
maiy3450,2022/08/28・1 日・,12.8 km,9 h 51 m,"1,595 m","1,585 m"
eelieenli,2022/06/18・1 日・,18.6 km,15 h 18 m,"1,998 m","1,997 m"
a22773tim,2022/08/07・1 日・,12.9 km,6 h 42 m,"1,472 m","1,480 m"
ping92301624689871,2022/07/31・1 日・,20.7 km,12 h,"2,207 m","2,204 m"
kent1836,2022/07/10・1 日・,18.3 km,15 h 8 m,"1,924 m","1,925 m"
shao_8830,2025/06/25 - 2025/07/01・7 日・,88.5 km,63 h 24 m,"6,679 m","7,908 m"
a29751765,2025/07/05・1 日・,11.7 km,5 h 53 m,824 m,824 m
wenkuochung169856886,2025/07/04・1 日・,5.5 km,3 h 13 m,468 m,451 m
jiaruitwee02,2025/07/05・1 日・,7 km,5 h 19 m,535 m,540 m
richardmaxweng,2022/06/30・1 日・,9.2 km,3 h 35 m,420 m,441 m
everknow000,2022/06/18・1 日・,12.8 km,10 h 24 m,"1,514 m","1,516 m"
s0982970449,2022/06/05・1 日・,8.5 km,7 h,519 m,514 m
iamfine811,2022/05/30・1 日・,12.7 km,10 h 35 m,"1,783 m","1,784 m"
aa89525255888,2022/04/25・1 日・,9.9 km,8 h 26 m,"1,457 m","1,456 m"
dhj7dyr24z,2022/04/16・1 日・,10.7 km,9 h 50 m,"1,467 m","1,465 m"
crazyboy0926,2021/08/11・1 日・,5.9 km,3 h 27 m,362 m,319 m
h2jh7hyxs2,2022/03/13・1 日・,11.9 km,8 h 49 m,"1,427 m","1,465 m"
perrydreamsbig1231,2022/02/27・1 日・,10.9 km,9 h 29 m,"1,473 m","1,460 m"
see9416,2021/12/31・1 日・,15.9 km,10 h 6 m,"1,462 m","1,266 m"
jiechen0609,2021/12/20・1 日・,9.9 km,9 h 59 m,"1,529 m","1,493 m"
shao_8830,2025/06/25 - 2025/07/01・7 日・,88.5 km,63 h 24 m,"6,679 m","7,908 m"
a29751765,2025/07/05・1 日・,11.7 km,5 h 53 m,824 m,824 m
wenkuochung169856886,2025/07/04・1 日・,5.5 km,3 h 13 m,468 m,451 m
jiaruitwee02,2025/07/05・1 日・,7 km,5 h 19 m,535 m,540 m
littlerandw94,2021/11/15・1 日・,15.9 km,13 h 33 m,"1,769 m","1,756 m"
vaspa0216,2021/11/20・1 日・,11.8 km,8 h 28 m,"1,354 m","1,538 m"
h610629,2021/11/20・1 日・,11 km,10 h 5 m,"1,439 m","1,462 m"
akuo0427,2021/11/06・1 日・,10.3 km,7 h 2 m,"1,358 m","1,464 m"
tingw.,2021/04/11・1 日・,10.2 km,8 h 18 m,"1,398 m","1,396 m"
high12313,2021/09/26・1 日・,11.8 km,10 h 5 m,"1,487 m","1,404 m"
nekowang1215,2021/09/27・1 日・,10.3 km,11 h,"1,490 m","1,489 m"
yoyo50217,2020/11/28・1 日・,25.6 km,13 h 31 m,"4,356 m","4,353 m"
tiger141528,2021/09/09・1 日・,9.4 km,3 h 55 m,730 m,671 m
v77111,2021/05/15・1 日・,10.9 km,11 h 3 m,"1,402 m","1,427 m"
siman5458,2021/05/11・1 日・,9.7 km,4 h 10 m,415 m,418 m
shao_8830,2025/06/25 - 2025/07/01・7 日・,88.5 km,63 h 24 m,"6,679 m","7,908 m"
a29751765,2025/07/05・1 日・,11.7 km,5 h 53 m,824 m,824 m
wenkuochung169856886,2025/07/04・1 日・,5.5 km,3 h 13 m,468 m,451 m
jiaruitwee02,2025/07/05・1 日・,7 km,5 h 19 m,535 m,540 m
sungpohsu88,2021/05/04・1 日・,8.5 km,2 h 10 m,405 m,419 m
b983090008,2021/05/01・1 日・,10.1 km,3 h 54 m,457 m,448 m
a_sun,2021/04/03・1 日・,6.9 km,2 h 2 m,485 m,475 m
emmatimmy613,2021/04/17・1 日・,10.1 km,3 h 48 m,480 m,471 m
famousdental99,2021/04/02・1 日・,4.5 km,1 h 38 m,90 m,430 m
real_balas,2021/03/27・1 日・,12.1 km,13 h 56 m,"1,100 m","1,250 m"
ivylin1980,2021/03/18・1 日・,15.6 km,14 h 2 m,"1,808 m","1,802 m"
fz.gumi,2021/03/20・1 日・,11.7 km,11 h 56 m,"1,558 m","1,542 m"
b90602014,2021/03/13・1 日・,8.1 km,2 h 15 m,412 m,390 m
ichiro172,2020/11/12・1 日・,18.7 km,12 h 33 m,"2,133 m","2,138 m"
winnin6688,2020/09/19・1 日・,10.4 km,10 h 5 m,"1,472 m","1,482 m"
shao_8830,2025/06/25 - 2025/07/01・7 日・,88.5 km,63 h 24 m,"6,679 m","7,908 m"
a29751765,2025/07/05・1 日・,11.7 km,5 h 53 m,824 m,824 m
wenkuochung169856886,2025/07/04・1 日・,5.5 km,3 h 13 m,468 m,451 m
jiaruitwee02,2025/07/05・1 日・,7 km,5 h 19 m,535 m,540 m
ggiiww55,2021/01/18・1 日・,14.7 km,12 h 8 m,"1,613 m","1,383 m"
s159803,2020/11/21・1 日・,18.2 km,9 h 52 m,"1,716 m","1,810 m"
azx0324,2020/11/22・1 日・,27.2 km,13 h 5 m,"2,103 m","2,070 m"
nsuijr57fu,2020/09/20・1 日・,9.9 km,9 h 46 m,"1,204 m","1,484 m"
a88096778,2020/09/20・1 日・,12.6 km,11 h 49 m,625 m,"2,012 m"
franktonydonnt,2020/09/05・1 日・,10.1 km,12 h 14 m,"1,443 m","1,533 m"
jack7837228,2020/08/15・1 日・,10.7 km,9 h 38 m,"1,476 m","1,277 m"
embezzle950422,2020/07/05・1 日・,10.1 km,8 h 10 m,"1,276 m","1,434 m"
lookmac,2020/05/10・1 日・,10.5 km,14 h 14 m,"1,576 m","1,467 m"
fan.c0818,2019/08/03・1 日・,9.6 km,4 h 23 m,549 m,553 m
a108122000,2020/04/18・1 日・,2.7 km,4 h 9 m,765 m,8 m
shao_8830,2025/06/25 - 2025/07/01・7 日・,88.5 km,63 h 24 m,"6,679 m","7,908 m"
a29751765,2025/07/05・1 日・,11.7 km,5 h 53 m,824 m,824 m
wenkuochung169856886,2025/07/04・1 日・,5.5 km,3 h 13 m,468 m,451 m
jiaruitwee02,2025/07/05・1 日・,7 km,5 h 19 m,535 m,540 m
brett80610,2019/02/04・1 日・,4 km,3 h 20 m,256 m,278 m
shyeric1976,2018/09/29・1 日・,4.6 km,6 h 11 m,"1,238 m",0 m
ytw229,2018/09/01・1 日・,24.1 km,2 h 28 m,316 m,0 m
alulu67,2025/05/23・1 日・,2.5 km,1 h 25 m,171 m,200 m
daty1721030370,2025/06/09・1 日・,17 km,8 h 36 m,"1,891 m","1,882 m"
e2871002,2025/06/09・1 日・,21.7 km,11 h 16 m,"1,919 m","1,917 m"
eddielin12345,2025/04/04・1 日・,20.5 km,9 h 21 m,"2,225 m","2,216 m"
arctax,2024/12/01・1 日・,17 km,10 h 18 m,"2,036 m","2,045 m"
a1234567896363,2023/05/22・1 日・,15.4 km,9 h 7 m,"2,195 m",916 m
chiu572613,2024/08/11・1 日・,26 km,12 h 6 m,"2,804 m","2,800 m"
yuan1215,2024/07/07・1 日・,20 km,10 h 51 m,"2,247 m","2,244 m"
shao_8830,2025/06/25 - 2025/07/01・7 日・,88.5 km,63 h 24 m,"6,679 m","7,908 m"
a29751765,2025/07/05・1 日・,11.7 km,5 h 53 m,824 m,824 m
wenkuochung169856886,2025/07/04・1 日・,5.5 km,3 h 13 m,468 m,451 m
jiaruitwee02,2025/07/05・1 日・,7 km,5 h 19 m,535 m,540 m
jkzf8dmv5c,2023/11/25・1 日・,15.6 km,11 h 57 m,"2,458 m","2,523 m"
ruruhuang76,2023/08/11・1 日・,10.6 km,7 h 50 m,"1,162 m","1,437 m"
hugo_hy,2023/05/20・1 日・,4.7 km,1 h 42 m,212 m,217 m
yochien1,2022/07/16・1 日・,27.5 km,16 h 36 m,"2,546 m","2,501 m"
sean7607,2022/07/22・1 日・,33.7 km,14 h 8 m,"4,853 m","4,816 m"
baa1993cc,2022/06/26・1 日・,15.9 km,12 h 39 m,"1,837 m","1,775 m"
polybu0917,2022/06/19・1 日・,12 km,9 h 5 m,"1,468 m","1,472 m"
sandy781227,2022/01/15・1 日・,10 km,11 h 30 m,"1,437 m","1,423 m"
studio810401,2021/10/10・1 日・,16.9 km,13 h 34 m,"1,854 m",849 m
porsche911lin,2025/07/01・1 日・,18.1 km,9 h 34 m,"1,933 m","1,932 m"
wang0621,2025/06/29・1 日・,11.9 km,9 h 36 m,"1,508 m","1,510 m"
shao_8830,2025/06/25 - 2025/07/01・7 日・,88.5 km,63 h 24 m,"6,679 m","7,908 m"
a29751765,2025/07/05・1 日・,11.7 km,5 h 53 m,824 m,824 m
wenkuochung169856886,2025/07/04・1 日・,5.5 km,3 h 13 m,468 m,451 m
jiaruitwee02,2025/07/05・1 日・,7 km,5 h 19 m,535 m,540 m
sheng,2021/03/27・1 日・,11.1 km,11 h 43 m,"1,453 m","1,460 m"
Benryyang6776,2025/06/28・1 日・,12.3 km,9 h 8 m,"1,557 m","1,532 m"
fan3117family,2025/06/23・1 日・,11.3 km,11 h 6 m,"1,478 m","1,476 m"
pkdkk45nwc,2025/06/01・1 日・,4.7 km,4 h 26 m,143 m,"1,085 m"
cat6877,2025/06/23・1 日・,11.7 km,8 h 31 m,493 m,"1,144 m"
99nw6yjkxv,2025/06/22・1 日・,26.1 km,10 h 41 m,"1,997 m","2,038 m"
bruceleego2013,2024/12/31・1 日・,13.5 km,9 h 4 m,"1,509 m","1,542 m"
l1202629991724548560,2025/05/25・1 日・,8.5 km,2 h,416 m,411 m
a5958476a,2025/06/21・1 日・,17.7 km,12 h 34 m,"1,815 m","1,812 m"
22y66x6mdy,2025/06/19・1 日・,9 km,8 h 35 m,"1,254 m","1,457 m"
9hjthz7njd,2025/06/15・1 日・,3.6 km,4 h 24 m,996 m,17 m
shao_8830,2025/06/25 - 2025/07/01・7 日・,88.5 km,63 h 24 m,"6,679 m","7,908 m"
a29751765,2025/07/05・1 日・,11.7 km,5 h 53 m,824 m,824 m
wenkuochung169856886,2025/07/04・1 日・,5.5 km,3 h 13 m,468 m,451 m
jiaruitwee02,2025/07/05・1 日・,7 km,5 h 19 m,535 m,540 m
mugen1002,2025/06/07・1 日・,13.3 km,8 h 59 m,"1,677 m","1,586 m"
kylezhongkz169721301,2024/06/08・1 日・,11.9 km,7 h 52 m,"1,538 m","1,532 m"
gy4ennyzwm,2025/06/08・1 日・,12.1 km,9 h 31 m,545 m,"1,807 m"
mugen1002,2025/06/07・1 日・,13.8 km,7 h 59 m,"1,726 m","1,634 m"
762wfdfgfy,2025/04/04・1 日・,9 km,9 h 12 m,"1,451 m","1,395 m"
shaowen120156,2025/05/31・1 日・,5.8 km,6 h 2 m,485 m,803 m
fodotsau716026,2025/05/31・1 日・,5.4 km,4 h 41 m,"1,421 m",17 m
fodotsau716026,2025/05/31・1 日・,4.4 km,2 h 42 m,16 m,"1,325 m"
shiousyboy,2021/11/15・1 日・,14.6 km,12 h 29 m,"1,744 m","1,630 m"
gloria2069,2025/05/30・1 日・,11 km,8 h 28 m,"1,565 m","1,485 m"
marucogu,2025/02/21・1 日・,4.6 km,3 h 50 m,851 m,146 m
shao_8830,2025/06/25 - 2025/07/01・7 日・,88.5 km,63 h 24 m,"6,679 m","7,908 m"
a29751765,2025/07/05・1 日・,11.7 km,5 h 53 m,824 m,824 m
wenkuochung169856886,2025/07/04・1 日・,5.5 km,3 h 13 m,468 m,451 m
jiaruitwee02,2025/07/05・1 日・,7 km,5 h 19 m,535 m,540 m
fgzcb1671199204,2023/07/05・1 日・,5.8 km,4 h 10 m,35 m,"1,441 m"
chenju0201,2025/05/22・1 日・,7.8 km,2 h 19 m,414 m,419 m
georgechao2857,2025/05/22・1 日・,5.7 km,1 h 18 m,142 m,413 m
0827carol,2025/05/20・1 日・,8.9 km,9 h 3 m,"1,474 m",746 m
mapleyeh612,2025/05/18・1 日・,12.6 km,7 h 42 m,"1,470 m","1,512 m"
steventime0430,2025/05/17・1 日・,13.9 km,8 h 50 m,"1,487 m","1,512 m"
a9890321,2025/05/18・1 日・,19.3 km,12 h 56 m,"1,969 m","1,977 m"
csrmmvykwq1717512598,2025/05/18・1 日・,11.2 km,7 h 46 m,"1,501 m","1,504 m"
kilaya85421,2022/06/25・1 日・,13.2 km,8 h 10 m,"1,564 m",861 m
tzuning122,2025/05/17・1 日・,0 km,0 s,0 m,0 m
a0937580095,2025/05/09・1 日・,29.2 km,20 h 45 m,"2,836 m","2,843 m"
shao_8830,2025/06/25 - 2025/07/01・7 日・,88.5 km,63 h 24 m,"6,679 m","7,908 m"
a29751765,2025/07/05・1 日・,11.7 km,5 h 53 m,824 m,824 m
wenkuochung169856886,2025/07/04・1 日・,5.5 km,3 h 13 m,468 m,451 m
jiaruitwee02,2025/07/05・1 日・,7 km,5 h 19 m,535 m,540 m
krxhtxsbyc1678083384,2025/04/25・1 日・,8.3 km,10 h 7 m,905 m,803 m
poyuchou22,2025/05/03・1 日・,11.4 km,7 h 32 m,"1,528 m","1,513 m"
zxzn6cptv7,2024/12/07・1 日・,23.2 km,18 h 3 m,"2,816 m","2,643 m"
mm69530,2025/04/26・1 日・,1.9 km,2 h 2 m,138 m,142 m
msec22015,2020/12/12・1 日・,13.5 km,11 h 8 m,"1,473 m","1,480 m"
ChangChunWei0809,2025/05/01・1 日・,17.6 km,12 h 31 m,"1,980 m","1,980 m"
dyixuan7,2025/05/01・1 日・,9.1 km,5 h 22 m,"1,128 m",201 m
skysyrs1263,2025/05/01・1 日・,14.1 km,7 h 17 m,784 m,"2,054 m"
v42khbbfty,2025/04/27・1 日・,19.6 km,16 h 56 m,"2,106 m","2,180 m"
yhyhwang1711275289,2025/04/25・1 日・,8.6 km,2 h 24 m,487 m,476 m
dim750322,2024/09/01・1 日・,10.2 km,8 h 9 m,"1,486 m","1,485 m"
shao_8830,2025/06/25 - 2025/07/01・7 日・,88.5 km,63 h 24 m,"6,679 m","7,908 m"
a29751765,2025/07/05・1 日・,11.7 km,5 h 53 m,824 m,824 m
wenkuochung169856886,2025/07/04・1 日・,5.5 km,3 h 13 m,468 m,451 m
jiaruitwee02,2025/07/05・1 日・,7 km,5 h 19 m,535 m,540 m
yijenhuang,2023/11/26・1 日・,8.6 km,2 h 53 m,420 m,442 m
only0329ghost,2025/04/19・1 日・,13.3 km,11 h 59 m,"1,613 m",576 m
abs15611,2025/04/19・1 日・,17.2 km,9 h 42 m,"1,973 m","1,944 m"
t84557482,2025/04/04・1 日・,12.5 km,10 h 7 m,"1,512 m","1,521 m"
o32000,2023/07/11・1 日・,12.1 km,7 h 42 m,"1,420 m","1,505 m"
msfdsd2zc5,2025/04/12・1 日・,13.9 km,10 h 26 m,"1,583 m","1,581 m"
jazz9802,2025/04/12・1 日・,14.9 km,10 h 38 m,"1,679 m","1,608 m"
cute5454,2025/04/12・1 日・,8.9 km,2 h 16 m,361 m,355 m
ilovevadrum,2024/07/07・1 日・,11.2 km,7 h 20 m,"1,477 m","1,400 m"
morphine3600,2024/10/15・1 日・,16.2 km,13 h 57 m,"1,903 m","1,905 m"
tunliang1671447854,2024/12/22・1 日・,12 km,8 h 9 m,"1,636 m","1,617 m"
shao_8830,2025/06/25 - 2025/07/01・7 日・,88.5 km,63 h 24 m,"6,679 m","7,908 m"
a29751765,2025/07/05・1 日・,11.7 km,5 h 53 m,824 m,824 m
wenkuochung169856886,2025/07/04・1 日・,5.5 km,3 h 13 m,468 m,451 m
jiaruitwee02,2025/07/05・1 日・,7 km,5 h 19 m,535 m,540 m
allen901041,2025/04/04・1 日・,12.2 km,7 h 51 m,"1,516 m","1,525 m"
joy103,2022/11/12・1 日・,19.4 km,16 h 10 m,"2,181 m","2,176 m"
7pxbfh422x,2025/03/24・1 日・,8.3 km,2 h 20 m,340 m,343 m
7pxbfh422x,2025/03/23・1 日・,8.9 km,2 h 18 m,348 m,353 m
uio1997710,2025/03/09・1 日・,11.3 km,8 h 35 m,"1,516 m","1,517 m"
choliling1736200762,2025/03/08・1 日・,11.5 km,3 h 59 m,516 m,555 m
mt20001027,2025/03/07・1 日・,3.9 km,58 m,16 m,372 m
harvey880503,2025/01/05・1 日・,22 km,13 h 25 m,"2,414 m","2,412 m"
shin0934083040,2025/03/04・1 日・,7.8 km,2 h 10 m,351 m,380 m
a0933082664,2023/12/27・1 日・,19.7 km,15 h 25 m,"1,348 m","1,736 m"
encsea,2024/07/07・1 日・,6 km,4 h 27 m,"1,458 m",160 m
shao_8830,2025/06/25 - 2025/07/01・7 日・,88.5 km,63 h 24 m,"6,679 m","7,908 m"
a29751765,2025/07/05・1 日・,11.7 km,5 h 53 m,824 m,824 m
wenkuochung169856886,2025/07/04・1 日・,5.5 km,3 h 13 m,468 m,451 m
jiaruitwee02,2025/07/05・1 日・,7 km,5 h 19 m,535 m,540 m
dallas0rook,2024/11/24・1 日・,11.6 km,9 h 21 m,"1,515 m","1,527 m"
ianms711,2025/03/01・1 日・,18.1 km,16 h 8 m,"1,918 m","2,101 m"
ivan0710771662274640,2025/02/22・1 日・,20.6 km,15 h 11 m,"2,205 m","2,206 m"
apexfu.tw,2025/02/18・1 日・,8.8 km,3 h 6 m,397 m,410 m
lovesu945858,2025/02/15・1 日・,17.8 km,13 h 58 m,"2,093 m","2,085 m"
%e8%aa%b0%e6%95%a2%e6%af%94%e6%88%91%e6%85%98,2025/02/13・1 日・,5.8 km,2 h 55 m,186 m,776 m
fireman450709,2025/02/13・1 日・,15.3 km,3 h 14 m,540 m,702 m
fgzcb1671199204,2023/07/04・1 日・,3.9 km,5 h 26 m,600 m,496 m
a0921263844,2025/02/01・1 日・,8.6 km,3 h 3 m,438 m,456 m
a0932312179,2025/02/01・1 日・,8.9 km,3 h 12 m,435 m,426 m
p1008kk,2025/02/01・1 日・,8.2 km,2 h 54 m,342 m,426 m
shao_8830,2025/06/25 - 2025/07/01・7 日・,88.5 km,63 h 24 m,"6,679 m","7,908 m"
a29751765,2025/07/05・1 日・,11.7 km,5 h 53 m,824 m,824 m
wenkuochung169856886,2025/07/04・1 日・,5.5 km,3 h 13 m,468 m,451 m
jiaruitwee02,2025/07/05・1 日・,7 km,5 h 19 m,535 m,540 m
r0988890050,2025/01/18・1 日・,4.4 km,1 h 12 m,425 m,66 m
chao0978787780,2024/03/15・1 日・,2.2 km,5 h 23 m,606 m,44 m
6qbqvmkrcy,2023/11/26・1 日・,12.6 km,9 h 55 m,"1,635 m","1,646 m"
r0988890050,2024/12/31・1 日・,8.5 km,1 h 51 m,418 m,426 m
a19630523,2024/12/28・1 日・,11.7 km,9 h 46 m,"1,468 m","1,474 m"
a0915365727,2024/12/28・1 日・,12.2 km,8 h 56 m,"1,482 m","1,483 m"
rangameding173090438,2024/12/22・1 日・,13.5 km,8 h 55 m,"1,532 m","1,583 m"
wang.wanjeng,2023/05/04・1 日・,8.3 km,2 h 58 m,411 m,411 m
r0988890050,2024/12/23・1 日・,7.9 km,1 h 38 m,365 m,365 m
kungyun61,2024/12/22・1 日・,12 km,8 h 5 m,"1,377 m","1,502 m"
Ching0201,2024/12/22・1 日・,15.3 km,9 h 57 m,"1,719 m","1,719 m"
shao_8830,2025/06/25 - 2025/07/01・7 日・,88.5 km,63 h 24 m,"6,679 m","7,908 m"
a29751765,2025/07/05・1 日・,11.7 km,5 h 53 m,824 m,824 m
wenkuochung169856886,2025/07/04・1 日・,5.5 km,3 h 13 m,468 m,451 m
jiaruitwee02,2025/07/05・1 日・,7 km,5 h 19 m,535 m,540 m
jackylee33567,2024/12/21・1 日・,16.9 km,13 h 13 m,"2,023 m","2,007 m"
love848bing,2023/06/24・1 日・,6 km,5 h 4 m,"1,413 m",56 m
anyang45,2024/12/15・1 日・,8.4 km,2 h 41 m,410 m,416 m
hunglinjian,2024/12/18・1 日・,14.4 km,8 h 52 m,"1,595 m","1,529 m"
anchen12345678,2024/12/15・1 日・,11.7 km,9 h 19 m,"1,563 m","1,531 m"
4prznb27gk,2024/12/08・1 日・,11.1 km,11 h 9 m,"1,246 m","1,514 m"
ddxgys6d7n,2023/04/03・1 日・,11 km,9 h 50 m,"1,526 m","1,493 m"
skelen777,2024/12/14・1 日・,12 km,11 h 37 m,"1,530 m","1,522 m"
tmnmxrxz2z,2024/12/14・1 日・,11.5 km,10 h 37 m,"1,517 m","1,529 m"
cute5454,2022/11/12・1 日・,16.3 km,10 h 57 m,"1,780 m","1,720 m"
long490186,2024/12/07・1 日・,16.6 km,19 h 37 m,"1,773 m","1,806 m"
shao_8830,2025/06/25 - 2025/07/01・7 日・,88.5 km,63 h 24 m,"6,679 m","7,908 m"
a29751765,2025/07/05・1 日・,11.7 km,5 h 53 m,824 m,824 m
wenkuochung169856886,2025/07/04・1 日・,5.5 km,3 h 13 m,468 m,451 m
jiaruitwee02,2025/07/05・1 日・,7 km,5 h 19 m,535 m,540 m
wangiwen1717039872,2024/12/08・1 日・,11 km,8 h 50 m,"1,505 m","1,504 m"
laviebroke,2024/12/07・1 日・,17.3 km,10 h 3 m,"1,436 m","1,513 m"
eaidboy,2022/06/03・1 日・,5.8 km,6 h 20 m,"1,572 m",197 m
anita9999,2020/04/26・1 日・,12.9 km,11 h 19 m,"1,533 m","1,534 m"
chrisnsr770,2024/11/25・1 日・,12.6 km,11 h 57 m,"1,569 m","1,565 m"
lilytsaotw1698326488,2024/12/03・1 日・,9.1 km,2 h 56 m,439 m,431 m
joannabirdy169210488,2024/12/01・1 日・,13.5 km,9 h 45 m,"2,019 m","2,024 m"
no_name1027,2024/11/30・1 日・,11.2 km,8 h 42 m,"1,506 m","1,509 m"
t9shq2b42t,2023/09/17・1 日・,11.4 km,11 h 31 m,"1,490 m","1,476 m"
garytien11,2024/11/24・1 日・,16.9 km,13 h 22 m,"1,672 m","1,908 m"
shean690521,2024/11/24・1 日・,13.7 km,12 h 13 m,"1,617 m","1,613 m"
shao_8830,2025/06/25 - 2025/07/01・7 日・,88.5 km,63 h 24 m,"6,679 m","7,908 m"
a29751765,2025/07/05・1 日・,11.7 km,5 h 53 m,824 m,824 m
wenkuochung169856886,2025/07/04・1 日・,5.5 km,3 h 13 m,468 m,451 m
jiaruitwee02,2025/07/05・1 日・,7 km,5 h 19 m,535 m,540 m
joybelial1024,2024/11/24・1 日・,15 km,10 h 24 m,"1,548 m","1,680 m"
zn6hnbt9ps,2024/11/24・1 日・,20.1 km,8 h 39 m,"2,874 m","1,754 m"
8sulin8,2023/11/26・1 日・,10.9 km,9 h 52 m,"1,569 m","1,576 m"
dallas0rook,2023/11/26・1 日・,11.9 km,10 h 56 m,"1,508 m","1,510 m"
shean690521,2024/11/17・1 日・,7.3 km,2 h 43 m,427 m,428 m
julia101116,2024/10/12・1 日・,6.1 km,2 h 6 m,435 m,190 m
dc851017,2024/11/15・1 日・,8.1 km,2 h 4 m,375 m,374 m
norman0212,2024/11/14・1 日・,8.1 km,2 h 20 m,396 m,406 m
a0915050335,2024/11/12・1 日・,9.4 km,5 h 55 m,"1,157 m","1,149 m"
b03702090,2022/07/10・1 日・,10.1 km,10 h 36 m,"1,308 m","1,358 m"
johnny7733,2024/11/09・1 日・,10.9 km,9 h 5 m,"1,055 m","1,527 m"
shao_8830,2025/06/25 - 2025/07/01・7 日・,88.5 km,63 h 24 m,"6,679 m","7,908 m"
a29751765,2025/07/05・1 日・,11.7 km,5 h 53 m,824 m,824 m
wenkuochung169856886,2025/07/04・1 日・,5.5 km,3 h 13 m,468 m,451 m
jiaruitwee02,2025/07/05・1 日・,7 km,5 h 19 m,535 m,540 m
jackylee33567,2024/11/09・1 日・,12.1 km,11 h 28 m,"1,568 m","1,571 m"
noralin258,2024/11/09・1 日・,13.2 km,9 h 39 m,"1,306 m","1,556 m"
demihou0301,2024/11/05・1 日・,1.7 km,2 h 13 m,551 m,0 m
yulunsu1219,2024/10/29・1 日・,11.1 km,8 h 57 m,"1,448 m","1,508 m"
eeee90426,2024/10/29・1 日・,14.4 km,10 h 58 m,"1,730 m","1,711 m"
8v976cvstq,2024/10/28・1 日・,7.2 km,2 h 55 m,332 m,480 m
wangaone,2024/10/25・1 日・,8.6 km,2 h 20 m,495 m,507 m
happybus2613,2024/10/22・1 日・,9.2 km,11 h 33 m,"1,524 m",235 m
fanfan650114,2024/09/18・1 日・,7.5 km,6 h 3 m,918 m,876 m
morphine3600,2024/10/16・1 日・,8.5 km,1 h 49 m,360 m,360 m
welch009,2023/10/21・1 日・,14.7 km,13 h 13 m,"1,834 m","1,831 m"
shao_8830,2025/06/25 - 2025/07/01・7 日・,88.5 km,63 h 24 m,"6,679 m","7,908 m"
a29751765,2025/07/05・1 日・,11.7 km,5 h 53 m,824 m,824 m
wenkuochung169856886,2025/07/04・1 日・,5.5 km,3 h 13 m,468 m,451 m
jiaruitwee02,2025/07/05・1 日・,7 km,5 h 19 m,535 m,540 m
op_1235,2024/10/12・1 日・,11.4 km,7 h 23 m,"1,552 m","1,459 m"
a6366229,2024/10/12・1 日・,10.9 km,8 h 38 m,"1,458 m","1,495 m"
p19700210,2024/10/10・1 日・,6.3 km,7 h 57 m,"1,476 m",92 m
tfk3ie,2023/07/08・1 日・,15.7 km,12 h 17 m,"1,861 m","1,826 m"
yuyuliang2001,2024/10/07・1 日・,10.3 km,9 h 42 m,"1,411 m","1,430 m"
v6zyhygnw4,2024/10/06・1 日・,14.9 km,10 h 41 m,"1,775 m","1,794 m"
a0922833908,2024/10/06・1 日・,14.8 km,10 h 52 m,"1,740 m","1,756 m"
shyshy112158,2023/11/25・1 日・,12.5 km,11 h 32 m,"1,396 m","1,458 m"
sky112217,2024/09/29・1 日・,21.6 km,13 h 16 m,"1,871 m","1,728 m"
cjk111,2023/07/22・1 日・,15.4 km,11 h 14 m,"1,871 m","1,926 m"
wen4831,2024/05/11・1 日・,4.6 km,2 h 33 m,397 m,107 m
shao_8830,2025/06/25 - 2025/07/01・7 日・,88.5 km,63 h 24 m,"6,679 m","7,908 m"
a29751765,2025/07/05・1 日・,11.7 km,5 h 53 m,824 m,824 m
wenkuochung169856886,2025/07/04・1 日・,5.5 km,3 h 13 m,468 m,451 m
jiaruitwee02,2025/07/05・1 日・,7 km,5 h 19 m,535 m,540 m
yellowsky8248,2024/09/18・1 日・,5.7 km,6 h 36 m,836 m,818 m
nickson760,2024/09/17・1 日・,12.2 km,9 h 40 m,"1,549 m","1,546 m"
c5gqfzqczh,2023/09/30・1 日・,12 km,10 h 34 m,"2,450 m","2,541 m"
fala3345678,2024/08/31・1 日・,11.7 km,7 h 41 m,"1,527 m","1,522 m"
jim07.tw,2022/05/20・1 日・,16 km,11 h 19 m,"1,691 m","1,684 m"
littleo123,2024/09/01・1 日・,10.4 km,8 h 25 m,"1,452 m","1,431 m"
iamliuer1680567861,2024/03/03・1 日・,7.5 km,7 h,702 m,"1,420 m"
weikuangyu1698445437,2024/09/01・1 日・,15 km,9 h 50 m,"1,456 m","1,697 m"
xxmaty224,2022/01/22・1 日・,15.3 km,3 h 49 m,448 m,637 m
596cjp6,2023/08/19・1 日・,8.8 km,8 h 3 m,873 m,"1,644 m"
fordrco,2024/08/31・1 日・,7.9 km,1 h 41 m,361 m,367 m
shao_8830,2025/06/25 - 2025/07/01・7 日・,88.5 km,63 h 24 m,"6,679 m","7,908 m"
a29751765,2025/07/05・1 日・,11.7 km,5 h 53 m,824 m,824 m
wenkuochung169856886,2025/07/04・1 日・,5.5 km,3 h 13 m,468 m,451 m
jiaruitwee02,2025/07/05・1 日・,7 km,5 h 19 m,535 m,540 m
a0912821775,2023/07/23・1 日・,11.4 km,9 h 14 m,"1,477 m","1,483 m"
nill.cheng1992,2024/08/25・1 日・,14 km,10 h 28 m,"1,613 m","1,613 m"
asdzxc790818,2024/08/26・1 日・,12.8 km,11 h 11 m,"1,572 m","1,576 m"
jackcin64,2023/04/27・1 日・,12.3 km,12 h 18 m,"1,371 m","1,656 m"
yushinhan1724249635,2024/08/24・1 日・,15.8 km,14 h 51 m,"1,710 m","1,759 m"
chouaj66,2024/08/13・1 日・,9.7 km,2 h 50 m,523 m,553 m
pm5kuybbqy,2021/01/18・1 日・,8.5 km,11 h 37 m,"1,114 m","1,223 m"
dj2260245,2024/08/13・1 日・,7.8 km,5 h 14 m,792 m,"1,410 m"
t0982696674,2024/08/10・1 日・,13.4 km,11 h 18 m,"1,537 m","1,538 m"
84jwmndcdf,2024/08/11・1 日・,8.6 km,2 h 42 m,415 m,404 m
jen610kimo,2023/09/24・1 日・,16 km,12 h 33 m,"2,118 m","2,137 m"
shao_8830,2025/06/25 - 2025/07/01・7 日・,88.5 km,63 h 24 m,"6,679 m","7,908 m"
a29751765,2025/07/05・1 日・,11.7 km,5 h 53 m,824 m,824 m
wenkuochung169856886,2025/07/04・1 日・,5.5 km,3 h 13 m,468 m,451 m
jiaruitwee02,2025/07/05・1 日・,7 km,5 h 19 m,535 m,540 m
justinh1769,2024/05/05・1 日・,18 km,7 h 2 m,"1,469 m","1,466 m"
armani0088,2024/08/13・1 日・,8.8 km,3 h,444 m,459 m
t0982696674,2024/08/11・1 日・,8.7 km,2 h 39 m,460 m,439 m
84jwmndcdf,2024/08/10・1 日・,13.4 km,11 h 31 m,"1,520 m","1,562 m"
a0915100769,2024/07/13・1 日・,11.4 km,8 h 25 m,"1,501 m","1,495 m"
bigkuo7,2024/01/29・1 日・,7.1 km,4 h 28 m,"1,048 m",663 m
joybelial1024,2023/05/06・1 日・,18.1 km,12 h 30 m,"1,987 m","1,988 m"
ttiinngg23,2022/06/20・1 日・,6 km,3 h 33 m,28 m,"1,407 m"
shawnliao97,2023/05/27・1 日・,12.7 km,9 h 50 m,"1,533 m","1,507 m"
pj2prmvjzf,2022/12/21・1 日・,13.4 km,12 h 53 m,"1,419 m","1,665 m"
poerevan9,2023/10/21・1 日・,10.8 km,10 h 9 m,"1,522 m","1,442 m"
shao_8830,2025/06/25 - 2025/07/01・7 日・,88.5 km,63 h 24 m,"6,679 m","7,908 m"
a29751765,2025/07/05・1 日・,11.7 km,5 h 53 m,824 m,824 m
wenkuochung169856886,2025/07/04・1 日・,5.5 km,3 h 13 m,468 m,451 m
jiaruitwee02,2025/07/05・1 日・,7 km,5 h 19 m,535 m,540 m
kqwnpt84ng,2024/06/28・1 日・,14.9 km,8 h 45 m,"1,693 m","1,692 m"
shinhwamin,2020/12/26・1 日・,10.7 km,9 h 39 m,"1,456 m","1,461 m"
mina900629,2024/03/16・1 日・,9.5 km,5 h 25 m,509 m,499 m
sirrah.tw,2023/09/23・1 日・,12 km,11 h 28 m,"1,614 m","1,575 m"
bigbird,2024/07/19・1 日・,4.1 km,1 h 55 m,199 m,198 m
hlw91,2023/10/02・1 日・,11.9 km,10 h 42 m,"1,536 m","1,492 m"
klin001,2023/04/09・1 日・,12.2 km,8 h 47 m,"1,533 m","1,525 m"
rpfcy5vys9,2024/07/14・1 日・,12.2 km,10 h 22 m,"1,547 m","1,552 m"
j7jwg4mvv9,2023/11/08・1 日・,8.6 km,11 h 11 m,"1,420 m","1,484 m"
ivon594386,2024/07/06・1 日・,14.7 km,11 h 43 m,"1,916 m","1,918 m"
nill.cheng1992,2024/03/17・1 日・,8.4 km,5 h 53 m,498 m,870 m
shao_8830,2025/06/25 - 2025/07/01・7 日・,88.5 km,63 h 24 m,"6,679 m","7,908 m"
a29751765,2025/07/05・1 日・,11.7 km,5 h 53 m,824 m,824 m
wenkuochung169856886,2025/07/04・1 日・,5.5 km,3 h 13 m,468 m,451 m
jiaruitwee02,2025/07/05・1 日・,7 km,5 h 19 m,535 m,540 m
gamesimulator,2024/01/27・1 日・,3.3 km,59 m,287 m,22 m
bluejoe062784,2024/06/17・1 日・,6.4 km,5 h 43 m,"1,382 m",82 m
a0915050335,2024/06/15・1 日・,12.8 km,13 h 16 m,"1,558 m","1,474 m"
hogg1112,2023/09/30・1 日・,15.9 km,14 h 3 m,"1,769 m","1,771 m"
lattemilk1713353984,2024/06/16・1 日・,10.9 km,13 h 2 m,"1,146 m","1,559 m"
love062321,2022/02/14・1 日・,10.5 km,4 h 42 m,"1,406 m","1,450 m"
aitokafu930,2024/06/10・1 日・,9.6 km,3 h 10 m,357 m,336 m
sf0304,2022/04/16・1 日・,13 km,11 h 32 m,"1,489 m","1,494 m"
w4y6xxhvby,2023/12/13・1 日・,5.1 km,8 h,611 m,604 m
n12473,2021/05/14・1 日・,6.4 km,6 h,"1,330 m","1,228 m"
panyunu1667896460,2024/05/25・1 日・,11.3 km,8 h 35 m,"1,144 m","1,494 m"
shao_8830,2025/06/25 - 2025/07/01・7 日・,88.5 km,63 h 24 m,"6,679 m","7,908 m"
a29751765,2025/07/05・1 日・,11.7 km,5 h 53 m,824 m,824 m
wenkuochung169856886,2025/07/04・1 日・,5.5 km,3 h 13 m,468 m,451 m
jiaruitwee02,2025/07/05・1 日・,7 km,5 h 19 m,535 m,540 m
cobra1971,2024/05/24・1 日・,8.4 km,2 h 25 m,415 m,406 m
Iamkazen1646105559,2022/08/07・1 日・,12.3 km,14 h 8 m,"1,507 m","1,502 m"
Iamkazen1646105559,2022/12/18・1 日・,7.6 km,3 h 21 m,424 m,416 m
juiyine0923,2024/04/21・1 日・,15.3 km,10 h 23 m,"1,951 m","1,950 m"
b02609074,2024/05/19・1 日・,4 km,6 h 22 m,326 m,140 m
wuzxezys8u,2021/04/14・1 日・,5.4 km,1 h 42 m,258 m,250 m
pion1602,2022/11/18・1 日・,6.2 km,5 h 6 m,38 m,"1,436 m"
chc0328,2024/05/05・1 日・,10.9 km,8 h 25 m,"1,505 m","1,504 m"
u823414,2023/12/31・1 日・,12.2 km,16 h 37 m,"1,478 m","1,480 m"
bchiou,2022/08/27・1 日・,15.8 km,11 h 34 m,"1,773 m","1,793 m"
lisa771220tw16494707,2024/04/21・1 日・,9.8 km,10 h 48 m,"1,505 m","1,509 m"
shao_8830,2025/06/25 - 2025/07/01・7 日・,88.5 km,63 h 24 m,"6,679 m","7,908 m"
a29751765,2025/07/05・1 日・,11.7 km,5 h 53 m,824 m,824 m
wenkuochung169856886,2025/07/04・1 日・,5.5 km,3 h 13 m,468 m,451 m
jiaruitwee02,2025/07/05・1 日・,7 km,5 h 19 m,535 m,540 m
sally51432,2021/12/11・1 日・,11.3 km,11 h 27 m,"1,492 m","1,490 m"
tc21lin,2023/11/11・1 日・,18 km,9 h 49 m,"1,812 m","1,897 m"
alanchuang1711619278,2024/03/30・1 日・,10.5 km,8 h 15 m,"1,165 m","1,399 m"
junliouchang16716945,2023/08/12・1 日・,11.2 km,9 h 39 m,"1,482 m","1,184 m"
may86529,2024/03/28・1 日・,4.4 km,3 h 37 m,48 m,"1,371 m"
karenyeh,2024/03/03・1 日・,16.3 km,10 h 48 m,"1,663 m","1,844 m"
prsh313027,2022/11/10・1 日・,17.7 km,12 h 1 m,"1,930 m","1,925 m"
fp18091920,2024/03/21・1 日・,8.3 km,2 h 7 m,401 m,406 m
rogerkuma0109,2024/03/16・1 日・,5.6 km,5 h 6 m,736 m,782 m
circlering2001,2022/07/03・1 日・,13.7 km,11 h 18 m,"1,524 m","1,586 m"
riverchang0312,2024/03/04・1 日・,5.2 km,2 h 45 m,35 m,"1,427 m"
shao_8830,2025/06/25 - 2025/07/01・7 日・,88.5 km,63 h 24 m,"6,679 m","7,908 m"
a29751765,2025/07/05・1 日・,11.7 km,5 h 53 m,824 m,824 m
wenkuochung169856886,2025/07/04・1 日・,5.5 km,3 h 13 m,468 m,451 m
jiaruitwee02,2025/07/05・1 日・,7 km,5 h 19 m,535 m,540 m
riverchang0312,2024/03/04・1 日・,2.9 km,2 h 18 m,322 m,161 m
riverchang0312,2024/03/03・1 日・,5.5 km,5 h 14 m,"1,454 m",64 m
4wc884ddb8,2023/06/17・1 日・,11.8 km,11 h 16 m,"1,415 m","1,527 m"
tearless618,2023/12/05・1 日・,20.1 km,6 h 55 m,"1,131 m","1,372 m"
soldier0083,2024/02/14・1 日・,15.1 km,14 h 48 m,"1,650 m","1,613 m"
nightstalker911mmu,2023/03/13・1 日・,6.5 km,2 h 41 m,389 m,355 m
yienhu1999,2023/09/16・1 日・,17.6 km,14 h 47 m,"1,634 m","1,635 m"
jun765,2023/10/14・1 日・,17.5 km,10 h 11 m,"1,868 m","1,840 m"
yaorama1702272478,2023/12/25・1 日・,4.9 km,2 h 18 m,347 m,89 m
georgekplin166364968,2023/11/12・1 日・,7.1 km,2 h 51 m,266 m,425 m
andychung1126,2023/12/26・1 日・,7.9 km,1 h 48 m,401 m,403 m
shao_8830,2025/06/25 - 2025/07/01・7 日・,88.5 km,63 h 24 m,"6,679 m","7,908 m"
a29751765,2025/07/05・1 日・,11.7 km,5 h 53 m,824 m,824 m
wenkuochung169856886,2025/07/04・1 日・,5.5 km,3 h 13 m,468 m,451 m
jiaruitwee02,2025/07/05・1 日・,7 km,5 h 19 m,535 m,540 m
jay520ape,2023/12/17・1 日・,12.1 km,5 h 14 m,"1,229 m",46 m
ww0933967363,2023/11/04・1 日・,11.4 km,9 h 24 m,"1,580 m","1,576 m"
yihling0910,2023/12/03・1 日・,10 km,8 h 5 m,"1,584 m","1,577 m"
lsst40735,2023/12/03・1 日・,6.7 km,4 h 31 m,784 m,632 m
smftrh9yth,2023/11/28・1 日・,3.3 km,1 h 21 m,166 m,167 m
dopeball999,2023/11/26・1 日・,11.7 km,11 h 12 m,"1,590 m","1,599 m"
na762004,2023/11/25・1 日・,10.8 km,10 h 51 m,"1,487 m","1,479 m"
jhuangbosheng,2023/11/25・1 日・,15.2 km,9 h 37 m,"1,610 m","1,612 m"
eaidboy,2022/06/03・1 日・,3.3 km,4 h 36 m,30 m,"1,248 m"
chen3131,2023/11/18・1 日・,9.2 km,3 h 57 m,457 m,461 m
vivianchao38,2023/11/06・1 日・,8 km,2 h 38 m,444 m,446 m
shao_8830,2025/06/25 - 2025/07/01・7 日・,88.5 km,63 h 24 m,"6,679 m","7,908 m"
a29751765,2025/07/05・1 日・,11.7 km,5 h 53 m,824 m,824 m
wenkuochung169856886,2025/07/04・1 日・,5.5 km,3 h 13 m,468 m,451 m
jiaruitwee02,2025/07/05・1 日・,7 km,5 h 19 m,535 m,540 m
ycy123666,2022/02/28・1 日・,10.1 km,13 h 17 m,"1,536 m","1,440 m"
wzm5p6gbnb,2023/11/04・1 日・,5.3 km,7 h 8 m,"1,440 m",32 m
a6629560,2023/10/31・1 日・,8.9 km,2 h 47 m,460 m,496 m
chuan862942,2023/10/27・1 日・,9.9 km,8 h 46 m,"1,532 m",513 m
s597798,2023/10/28・1 日・,11.5 km,7 h 7 m,"1,544 m","1,542 m"
devinchen.888,2023/10/28・1 日・,7.5 km,2 h 18 m,439 m,338 m
vivianchao38,2023/10/18・1 日・,18.1 km,15 h 23 m,"1,923 m","1,930 m"
ytchang,2022/07/03・1 日・,2.9 km,1 h 4 m,222 m,40 m
vivianchao38,2023/10/17・1 日・,8.5 km,2 h 35 m,445 m,456 m
jinranra1694696445,2023/10/01・1 日・,38.8 km,21 h,"2,429 m","3,426 m"
ivy9729,2023/10/15・1 日・,12.4 km,8 h 50 m,"1,582 m","1,499 m"
shao_8830,2025/06/25 - 2025/07/01・7 日・,88.5 km,63 h 24 m,"6,679 m","7,908 m"
a29751765,2025/07/05・1 日・,11.7 km,5 h 53 m,824 m,824 m
wenkuochung169856886,2025/07/04・1 日・,5.5 km,3 h 13 m,468 m,451 m
jiaruitwee02,2025/07/05・1 日・,7 km,5 h 19 m,535 m,540 m
garyshu183,2023/10/14・1 日・,11 km,9 h 19 m,"1,635 m","1,639 m"
rogerkuma0109,2023/09/24・1 日・,9.3 km,7 h 6 m,"1,434 m","1,367 m"
slashkuo0924,2023/10/09・1 日・,12.7 km,8 h 32 m,"1,504 m","1,494 m"
2htkcg2788,2023/10/08・1 日・,8.7 km,3 h 2 m,399 m,427 m
w52c5jpnib,2023/09/24・1 日・,11.7 km,3 h 49 m,430 m,545 m
j690818s,2023/09/24・1 日・,13.7 km,9 h 29 m,"1,510 m","1,509 m"
hsing1682003,2023/09/16・1 日・,14.9 km,12 h 7 m,"1,655 m","1,652 m"
polybu0917,2023/09/10・1 日・,8.4 km,3 h 36 m,412 m,388 m
liaowh66,2022/11/22・1 日・,15.5 km,12 h 20 m,713 m,"1,896 m"
claire.cheng1211,2023/04/02・1 日・,10.7 km,10 h 43 m,"1,566 m","1,566 m"
gina.sie0313,2023/08/26・1 日・,11.1 km,13 h 25 m,"1,503 m","1,506 m"
shao_8830,2025/06/25 - 2025/07/01・7 日・,88.5 km,63 h 24 m,"6,679 m","7,908 m"
a29751765,2025/07/05・1 日・,11.7 km,5 h 53 m,824 m,824 m
wenkuochung169856886,2025/07/04・1 日・,5.5 km,3 h 13 m,468 m,451 m
jiaruitwee02,2025/07/05・1 日・,7 km,5 h 19 m,535 m,540 m
shao_8830,2025/06/25 - 2025/07/01・7 日・,88.5 km,63 h 24 m,"6,679 m","7,908 m"
a29751765,2025/07/05・1 日・,11.7 km,5 h 53 m,824 m,824 m
wenkuochung169856886,2025/07/04・1 日・,5.5 km,3 h 13 m,468 m,451 m
jiaruitwee02,2025/07/05・1 日・,7 km,5 h 19 m,535 m,540 m
afpsharon,2022/07/30・1 日・,12 km,9 h 11 m,"1,523 m","1,518 m"
s890128,2023/04/07・1 日・,4 km,2 h 55 m,343 m,432 m
f137362,2023/04/02・1 日・,8.4 km,2 h 45 m,447 m,436 m
hasamiusaki167642577,2023/03/19・1 日・,15.3 km,12 h 44 m,"2,234 m","2,226 m"
chan761001,2022/11/13・1 日・,13.4 km,11 h 39 m,"1,819 m","1,816 m"
brenda0109,2023/02/26・1 日・,8.6 km,5 h 46 m,"1,034 m",941 m
q0910892765,2022/12/03・1 日・,17.8 km,14 h 24 m,"1,957 m","1,969 m"
chc0328,2023/01/20・1 日・,6.2 km,3 h 8 m,110 m,"1,439 m"
flute780613,2022/10/08・1 日・,12.1 km,9 h 34 m,"1,493 m","1,456 m"
chc0328,2023/01/19・1 日・,5.4 km,8 h 16 m,700 m,604 m
arhachu,2019/06/08・1 日・,21.7 km,5 h 58 m,"1,406 m","1,717 m"
shao_8830,2025/06/25 - 2025/07/01・7 日・,88.5 km,63 h 24 m,"6,679 m","7,908 m"
a29751765,2025/07/05・1 日・,11.7 km,5 h 53 m,824 m,824 m
wenkuochung169856886,2025/07/04・1 日・,5.5 km,3 h 13 m,468 m,451 m
jiaruitwee02,2025/07/05・1 日・,7 km,5 h 19 m,535 m,540 m
ch59276496,2022/01/01・1 日・,12.5 km,14 h 29 m,"1,536 m","1,601 m"
cyw5937,2022/10/30・1 日・,12.3 km,11 h 26 m,554 m,"1,889 m"
s42204220,2022/10/10・1 日・,1.8 km,1 h 36 m,202 m,148 m
s42204220,2022/10/10・1 日・,7 km,5 h 31 m,"1,425 m",26 m
8dysrn7r44,2022/10/20・1 日・,13.9 km,12 h 43 m,"1,901 m","1,894 m"
shao_8830,2025/06/25 - 2025/07/01・7 日・,88.5 km,63 h 24 m,"6,679 m","7,908 m"
a29751765,2025/07/05・1 日・,11.7 km,5 h 53 m,824 m,824 m
wenkuochung169856886,2025/07/04・1 日・,5.5 km,3 h 13 m,468 m,451 m
jiaruitwee02,2025/07/05・1 日・,7 km,5 h 19 m,535 m,540 m
w292854531663467202,2022/10/13・1 日・,12.2 km,8 h 45 m,"1,483 m","1,486 m"
182artspace,2022/10/09・1 日・,11.2 km,11 h 58 m,"1,450 m","1,456 m"
king.67beryl,2022/10/02・1 日・,21.7 km,16 h 20 m,"1,966 m","2,087 m"
5tm7nqv5zg,2022/09/17・1 日・,12.2 km,11 h 33 m,"1,614 m","1,610 m"
rds4jk8gx6,2022/09/10・1 日・,10.7 km,10 h 10 m,"1,767 m","1,801 m"
w0913551997,2022/08/22・1 日・,12.2 km,8 h 56 m,"1,489 m","1,489 m"
whklsh1651222240,2022/08/27・1 日・,13.8 km,11 h 43 m,"1,844 m","1,905 m"
chu658686,2022/08/14・1 日・,5.8 km,6 h 24 m,"1,555 m",121 m
201219,2022/08/14・1 日・,14.5 km,9 h 13 m,"1,479 m","1,448 m"
a0933065983,2022/08/13・1 日・,11.3 km,9 h 15 m,"1,504 m","1,418 m"
shao_8830,2025/06/25 - 2025/07/01・7 日・,88.5 km,63 h 24 m,"6,679 m","7,908 m"
a29751765,2025/07/05・1 日・,11.7 km,5 h 53 m,824 m,824 m
wenkuochung169856886,2025/07/04・1 日・,5.5 km,3 h 13 m,468 m,451 m
jiaruitwee02,2025/07/05・1 日・,7 km,5 h 19 m,535 m,540 m
ttiinngg23,2022/06/19・1 日・,3.7 km,4 h 44 m,258 m,175 m
toto1972,2022/06/13・1 日・,16.6 km,14 h 18 m,"1,845 m","1,846 m"
t-07102001,2022/05/23・1 日・,10.6 km,10 h 59 m,"1,638 m",413 m
giselejt,2022/04/18・1 日・,13.9 km,14 h 24 m,"1,590 m","1,599 m"
haha950221,2021/03/21・1 日・,10.9 km,11 h 44 m,"1,242 m","1,442 m"
ginalin1001,2022/04/16・1 日・,10.8 km,11 h 25 m,"1,451 m","1,457 m"
v47v4js2hw,2022/04/02・1 日・,8.7 km,3 h 33 m,418 m,387 m
wenkai.yang,2022/03/19・1 日・,5 km,7 h 43 m,"1,444 m",18 m
crazy6322,2021/05/14・1 日・,15.4 km,13 h 24 m,"1,729 m","1,729 m"
oris3663,2021/12/18・1 日・,8.4 km,2 h 38 m,505 m,501 m
pony.lan,2022/01/01・1 日・,4.7 km,2 h 59 m,198 m,876 m
shao_8830,2025/06/25 - 2025/07/01・7 日・,88.5 km,63 h 24 m,"6,679 m","7,908 m"
a29751765,2025/07/05・1 日・,11.7 km,5 h 53 m,824 m,824 m
wenkuochung169856886,2025/07/04・1 日・,5.5 km,3 h 13 m,468 m,451 m
jiaruitwee02,2025/07/05・1 日・,7 km,5 h 19 m,535 m,540 m
ding-0916,2022/01/01・1 日・,12.3 km,11 h 47 m,"1,484 m","1,495 m"
hess12333,2021/12/12・1 日・,9.8 km,8 h 42 m,"1,106 m","1,464 m"
stevenjmhwang,2021/11/28・1 日・,10.5 km,8 h 53 m,"1,520 m","1,082 m"
andylin1961,2021/11/25・1 日・,5.1 km,6 h 35 m,"1,421 m",20 m
andylin1961,2021/11/26・1 日・,4.9 km,4 h 23 m,14 m,"1,426 m"
crystalisme00,2021/11/27・1 日・,8 km,2 h 26 m,929 m,808 m
coldnestea,2021/11/21・1 日・,16.9 km,14 h 51 m,"1,778 m","1,761 m"
peach6115,2021/11/07・1 日・,16.8 km,12 h 2 m,"1,808 m","1,803 m"
4g7tcg2gkj,2021/11/03・1 日・,8.9 km,7 h 15 m,"1,452 m",889 m
b03702090,2021/10/10・1 日・,16 km,13 h 53 m,"1,690 m","1,685 m"
a29751765,2025/07/05・1 日・,11.7 km,5 h 53 m,824 m,824 m
wenkuochung169856886,2025/07/04・1 日・,5.5 km,3 h 13 m,468 m,451 m
jiaruitwee02,2025/07/05・1 日・,7 km,5 h 19 m,535 m,540 m
tien8146,2021/08/17・1 日・,11.4 km,10 h 42 m,"1,451 m","1,463 m"
nekowang1215,2021/08/11・1 日・,6.8 km,3 h 26 m,396 m,398 m
grantslam33,2021/09/24・1 日・,12.2 km,3 h 31 m,412 m,542 m
George1014,2021/08/29・1 日・,15.1 km,8 h 21 m,"1,416 m","1,507 m"
stevenwei326,2021/09/04・1 日・,10.4 km,10 h 30 m,"1,452 m","1,453 m"
eponie82,2021/05/11・1 日・,12.4 km,11 h 18 m,"1,490 m","1,483 m"
halfwaytuu49,2021/05/08・1 日・,8.3 km,10 h 37 m,"1,029 m","1,234 m"
kevin770727,2021/05/01・1 日・,10.9 km,9 h 48 m,"1,434 m","1,482 m"
tyf0220,2021/05/01・1 日・,10.5 km,8 h 54 m,"1,452 m","1,204 m"
elaina.chang,2021/02/10・1 日・,7.9 km,1 h 10 m,127 m,293 m
famousdental99,2021/04/02・1 日・,12.3 km,10 h 20 m,"1,557 m","1,488 m"
shao_8830,2025/06/25 - 2025/07/01・7 日・,88.5 km,63 h 24 m,"6,679 m","7,908 m"
a29751765,2025/07/05・1 日・,11.7 km,5 h 53 m,824 m,824 m
wenkuochung169856886,2025/07/04・1 日・,5.5 km,3 h 13 m,468 m,451 m
jiaruitwee02,2025/07/05・1 日・,7 km,5 h 19 m,535 m,540 m
harry.clchen,2021/04/01・1 日・,7.2 km,1 h 53 m,334 m,353 m
johnny47852002,2021/03/27・1 日・,10.7 km,9 h 2 m,"1,455 m","1,438 m"
jylynn1229,2020/12/20・1 日・,18.2 km,7 h 59 m,"1,536 m","1,578 m"
jackyckperson,2020/12/23・1 日・,14.7 km,14 h 35 m,"1,690 m","1,760 m"
t6431572,2021/01/30・1 日・,11.9 km,12 h 42 m,"1,488 m","1,492 m"
dhcbrock,2019/09/21・1 日・,9.5 km,1 h 40 m,105 m,0 m
chiyuan_hu,2020/10/11・1 日・,4.7 km,7 h 17 m,"1,369 m",39 m
isabel_0602,2020/11/29・1 日・,5 km,9 h 1 m,964 m,35 m
iamblue13,2021/01/08・1 日・,7.9 km,2 h 52 m,339 m,424 m
fullton0228,2020/12/30・1 日・,7.6 km,12 h 29 m,"1,130 m",331 m
owenyhchen,2020/12/05・1 日・,2.2 km,1 h 1 m,103 m,117 m
shao_8830,2025/06/25 - 2025/07/01・7 日・,88.5 km,63 h 24 m,"6,679 m","7,908 m"
a29751765,2025/07/05・1 日・,11.7 km,5 h 53 m,824 m,824 m
wenkuochung169856886,2025/07/04・1 日・,5.5 km,3 h 13 m,468 m,451 m
jiaruitwee02,2025/07/05・1 日・,7 km,5 h 19 m,535 m,540 m
plenty3344828,2020/11/15・1 日・,18.6 km,12 h 25 m,"1,861 m","1,869 m"
premetec2006,2019/11/16・1 日・,2.3 km,3 h 38 m,732 m,84 m
wm19920804,2020/10/24・1 日・,11.4 km,11 h 16 m,"1,520 m","1,501 m"
h480312,2020/09/13・1 日・,3.3 km,5 h 52 m,215 m,520 m
q5c6f7s2a8,2020/10/02・1 日・,17.1 km,14 h 41 m,"2,021 m","2,018 m"
tbscojp0424,2020/09/26・1 日・,7.3 km,1 h 55 m,465 m,463 m
jinne2004,2020/07/15・1 日・,1.4 km,48 m,287 m,53 m
chiungwen68,2020/07/22・1 日・,17.8 km,12 h 1 m,"1,960 m","1,962 m"
ans15637,2020/07/31・1 日・,11.4 km,11 h 6 m,"1,560 m","1,550 m"
shapy0826,2020/04/26・1 日・,11.9 km,11 h,"1,520 m","1,526 m"
tingchen530,2019/08/31・1 日・,14.7 km,16 h 2 m,"1,224 m","1,396 m"
shao_8830,2025/06/25 - 2025/07/01・7 日・,88.5 km,63 h 24 m,"6,679 m","7,908 m"
a29751765,2025/07/05・1 日・,11.7 km,5 h 53 m,824 m,824 m
wenkuochung169856886,2025/07/04・1 日・,5.5 km,3 h 13 m,468 m,451 m
jiaruitwee02,2025/07/05・1 日・,7 km,5 h 19 m,535 m,540 m
taipeiliu38,2019/10/07・1 日・,14.1 km,13 h 42 m,"1,314 m","1,725 m"
prince004001,2020/04/19・1 日・,7.1 km,10 h 24 m,"1,309 m",755 m
anson.hu888,2019/12/20・1 日・,8.3 km,8 h 29 m,"1,661 m",356 m
kp.huang,2020/03/06・1 日・,3.4 km,5 h 53 m,"1,320 m",0 m
minerhy,2019/12/25・1 日・,11.1 km,10 h 47 m,"1,547 m","1,545 m"
anson.hu888,2019/12/21・1 日・,8.3 km,4 h 31 m,190 m,"1,551 m"
shouchiung,2019/10/12・1 日・,6.4 km,10 h 20 m,"1,182 m",398 m
clairericnopets,2019/08/03・1 日・,4.8 km,2 h 58 m,347 m,340 m
pearl20036,2019/05/11・1 日・,0.9 km,57 m,370 m,76 m
meganpai6,2019/04/10・1 日・,13.3 km,2 h 41 m,"1,559 m","1,613 m"
meganpai6,2019/04/05・1 日・,4 km,4 h 56 m,"2,188 m","1,034 m"
shao_8830,2025/06/25 - 2025/07/01・7 日・,88.5 km,63 h 24 m,"6,679 m","7,908 m"
a29751765,2025/07/05・1 日・,11.7 km,5 h 53 m,824 m,824 m
wenkuochung169856886,2025/07/04・1 日・,5.5 km,3 h 13 m,468 m,451 m
jiaruitwee02,2025/07/05・1 日・,7 km,5 h 19 m,535 m,540 m
ward1706,2019/04/10・1 日・,13.3 km,2 h 41 m,"1,559 m","1,613 m"
wu3392,2019/03/18・1 日・,6.3 km,1 h 51 m,423 m,413 m
amao1552232412,2018/12/15・1 日・,6.5 km,8 h 49 m,"1,291 m",861 m
kangela,2019/03/01・1 日・,12.8 km,3 h 26 m,24 m,961 m
